title_0,title_1,title_2,title_3,title_4,title_5,title_6,title_7,title_8,title_9,title_10,title_11,title_12,title_13,title_14,title_15,title_16,title_17,title_18,title_19,title_20,title_21,title_22,title_23,title_24,title_25,title_26,title_27,title_28,title_29,title_30,title_31,label
-4.8075433,-7.335327,-5.911333,-0.6870231,2.824202,0.60056627,-2.3430557,0.3988126,-1.5834632,0.16603339,0.46631747,1.0066478,0.5869919,-0.62458944,0.053485718,-0.13869089,-0.25444782,-0.85221666,1.190729,0.60856473,-0.14105706,0.94453984,0.33081925,0.22551808,-0.11159131,-0.13975915,-0.9368262,-0.13607281,0.63028836,0.33587343,0.2593054,0.62398267,0.13347457627118645
6.94163,1.0759648,-0.3900538,-1.2623436,1.5016141,-0.3986274,-0.02995116,-2.357402,-0.18750864,-0.6739184,-1.8103305,2.743222,0.6376823,0.32042733,-0.38881838,0.22327691,-1.2025123,-0.202768,1.8451984,1.0794914,0.6670808,0.29012,1.8369215,0.46144885,0.48538086,0.040523846,0.71900535,-0.6450048,-1.3863513,0.99897146,0.15218632,-0.07080345,0.9364406779661016
7.282996,-0.5053638,-0.58731335,-0.82645786,0.5175372,-2.7721603,0.7514675,-1.6400356,-1.1126428,0.4855452,1.1507871,1.6896415,0.921085,1.7068603,0.95636666,-0.35969824,1.4690858,-1.3004128,1.555373,0.005258769,1.5024538,-0.4097429,0.53061116,-1.3190151,-2.376327,0.8451512,-1.670594,1.5305598,2.9055617,0.7671293,-1.1611745,-1.8441207,0.3601694915254237
-2.7393527,-4.445059,4.33343,15.896242,2.3652744,0.2309098,5.13883,-1.1305944,2.3878868,3.782446,1.3128986,4.935961,-3.4334044,-0.5344411,5.3196144,1.2013463,-0.3622419,-1.9230596,0.8987694,-4.3366976,-0.116941586,-3.0084465,2.187896,0.6243168,0.7734353,-2.290803,-0.7674527,3.422597,1.840983,-1.492531,0.23362327,2.4276137,0.3389830508474576
-1.128343,0.26406288,0.45887846,0.7978922,-4.116504,-3.1022844,2.904018,-0.87385905,-3.6597445,-2.3153849,-2.3899097,-0.63358176,0.22219299,-1.3292652,-1.6266781,5.22219,-0.16996574,-3.3123748,0.70546687,2.6340914,0.9586203,0.16445577,0.3675167,0.81954396,-2.711575,-2.0503075,0.53478414,-1.4766326,-2.5479474,-0.2570747,-2.0763934,-1.7798511,0.6652542372881356
-5.5007124,7.422023,-2.1613371,1.1764628,2.7909799,-0.72961766,0.69760555,1.080544,0.8610581,0.66615653,-0.45303804,-0.17794803,0.4772277,0.2742585,0.12053797,-0.14261854,-0.56584644,-2.2524176,0.6620725,-0.6118575,-1.1995195,0.89896446,-0.36275268,0.8688853,1.1508794,-0.21992269,0.7106186,-0.41177815,1.1505467,0.7585262,-0.57665294,0.099390574,0.902542372881356
5.860514,1.3987577,-2.1771064,-1.1288755,-0.117209755,-2.143549,1.8699906,-3.607599,0.00671044,-0.26976103,0.5837316,1.8650191,-0.54075605,0.24602303,0.5738064,0.030996991,-1.0310302,-0.9961156,-0.8067834,-0.2320427,0.44555265,0.47167778,0.18318056,-1.1731985,-0.6057479,0.8012402,1.6834894,-1.0607827,-0.1212018,-0.9612158,-0.57871,-0.4837491,0.5932203389830508
7.1231375,-1.2004759,-0.5504209,1.9345737,-1.3274623,2.4139066,-0.9089413,5.900484,2.791553,1.5324725,0.40332788,-0.60486376,-0.42805558,0.06570844,-2.619843,-0.081210405,0.75856364,-0.3221084,2.123384,0.07021512,-1.3100045,-0.39876148,0.49932554,0.22994766,-0.6946801,-1.3347427,-0.44216353,-0.0011801124,0.07203004,-1.1823095,-0.41778296,-1.5497749,0.3686440677966102
-4.263068,2.1835015,-0.35968077,4.430373,-4.903316,8.45417,-2.4162798,-4.316335,-0.5182804,-1.7595248,-2.3528585,-1.1136445,0.5849536,-0.34966373,-1.1655632,-1.4762869,-1.0635352,-2.263442,-0.38124302,-0.6665474,0.19364049,-0.70181084,1.517139,0.640291,-0.45406556,1.4719095,-0.13458076,-0.4294934,0.23045737,-0.13745406,1.1936638,-0.467331,0.7288135593220338
-3.6390707,-3.7426038,-0.9283112,-0.739363,-1.2125187,-4.1191716,-2.3727028,0.42119816,-0.01692409,-0.65180564,-2.695706,1.7647206,0.54531705,0.14296317,-1.836187,1.6513823,0.2842414,-0.86648476,0.34034228,1.7013478,-1.3263288,-3.6946933,0.7085153,0.55213654,0.08589965,1.2059674,3.2154207,-0.28165787,0.053915232,0.8171274,-1.6379153,-0.3994966,0.3644067796610169
-1.9206152,3.3199785,0.30660534,1.7785263,-2.2422268,3.4112427,-0.36736357,-0.14487216,0.7682516,-0.30347484,0.5996206,3.8093138,1.0074635,0.1066113,-0.2453741,-2.0262237,2.2649465,-0.6527208,-0.304539,0.59642017,2.402568,0.3764727,-2.0709836,-2.2927163,-0.16784488,-2.4404216,-1.2291361,0.42806458,1.0260086,1.0432217,-0.8846811,-0.80590904,0.21610169491525424
6.3061748,0.07254335,-1.3832388,1.2722318,-0.07664694,-0.11300011,-1.1674651,0.9949905,1.7756543,-2.1473129,-0.5660597,-1.6573431,-1.507386,-1.6156979,-0.87607896,0.9070772,1.4650047,1.1478487,-1.7403033,0.8617197,-0.22209305,-0.7864808,0.18705165,-0.30383262,1.1059136,-0.78816235,0.13246688,0.7465498,0.06549043,0.66920406,-0.20230086,0.6324455,0.9915254237288136
-3.7424192,8.135032,-1.9469783,-0.5920788,1.3548874,0.043937936,0.49618226,0.44502032,1.3896632,0.9990549,0.74720514,0.2638232,0.3999712,-0.3536766,-0.08132452,-1.4634306,-0.22193769,-0.6780691,-1.1478585,-0.67724127,0.4366967,-0.7407085,0.22033444,-0.37063688,-0.43964878,-0.97909784,-1.1305009,-0.9380134,0.6275574,-0.13660434,-0.5321593,0.60691947,0.559322033898305
-4.263068,2.1835015,-0.35968077,4.430373,-4.903316,8.45417,-2.4162798,-4.316335,-0.5182804,-1.7595248,-2.3528585,-1.1136445,0.5849536,-0.34966373,-1.1655632,-1.4762869,-1.0635352,-2.263442,-0.38124302,-0.6665474,0.19364049,-0.70181084,1.517139,0.640291,-0.45406556,1.4719095,-0.13458076,-0.4294934,0.23045737,-0.13745406,1.1936638,-0.467331,0.8919491525423728
-2.921515,1.957551,-0.6826776,0.809555,-2.5621135,2.42586,-3.387938,-1.9234048,0.5589255,-2.0055609,-0.26562628,-0.09464933,-0.80013967,0.12976693,-1.7853725,-1.1219057,-0.10282574,2.9559145,-0.750772,-0.092547245,-0.37560925,1.1975596,-1.4095885,-1.2548773,0.7811643,-1.9655212,0.5255841,0.61717093,0.18124309,-1.9637588,-1.2752693,-0.009652156,0.211864406779661
-5.5811663,6.5843854,-2.1661875,0.10849126,1.8043118,-0.35517436,0.36292607,1.411393,1.5371462,-1.3057103,-0.05011537,0.12944241,-0.048089266,0.49581963,0.5936802,0.07379186,0.16590036,-0.028244436,-0.35879788,-0.09932804,-0.17658523,0.35649562,0.030033886,-0.46530038,-0.69751817,0.2094482,0.112451695,0.059915796,0.025444597,-0.082437724,-0.027169276,0.7400818,0.6101694915254238
8.012892,0.07302207,-1.3102725,-1.0287578,0.21701272,-0.7835331,-0.77184254,-1.2886887,2.3002164,-0.31296313,1.0876544,-1.0789576,0.5434113,2.32507,0.19529939,-0.67882794,-1.6723813,-0.29349118,1.4171927,-0.027216226,-1.290647,3.846135,0.3566715,-0.9518181,-0.3103336,-0.5033263,-1.1434987,-1.1149124,-0.48132008,-0.71011364,0.30967534,0.3462381,0.09745762711864407
-4.208241,7.260812,-2.530875,-0.49124986,1.4468973,0.5253564,-0.10385111,0.8297955,-0.11830795,0.38156503,0.64502347,-0.06786904,-0.93060404,0.27290294,0.31093913,-0.028265845,-0.68564,-0.51313365,-0.6836277,-0.109862596,0.7654784,-0.08705141,-0.17932472,-1.2638549,-0.0025157845,0.18423605,-1.9829204,-0.65513957,1.3336897,0.3507557,-0.39735168,0.7898284,0.864406779661017
6.3147187,0.17836812,-1.788975,0.8721912,0.048640065,0.7831651,-0.55716807,-0.5925069,1.1550176,-0.99292076,-0.09286263,-0.4428704,-0.8881811,1.1693349,-0.1328267,1.5861809,1.3139555,-0.6908349,-0.040923443,1.2206018,-0.06393874,0.51421773,0.51241916,0.49887457,0.5665049,0.20309867,0.121520825,0.06732614,-0.19679777,1.332869,-0.5087964,0.61414325,0.9745762711864406
-4.3765154,5.864622,-2.4983687,0.57624197,1.9254594,0.8807731,0.706792,1.4756746,1.7812518,-0.113411546,-0.15348318,-0.43047065,0.3048464,0.39714652,0.8441678,0.80228066,-0.83673835,-0.5994499,1.5388875,-0.27891013,0.15442315,0.07715561,-0.5026838,0.35781276,-0.9918731,-0.43371856,-0.55305725,0.33910838,-0.069633685,0.78910977,1.0475464,-0.9833517,0.8050847457627118
-1.0641184,-1.8993518,7.7537975,-1.3857635,6.4496055,1.7733177,-0.25874537,0.79121757,0.04408732,-1.8035574,-1.6906312,-0.37780127,0.40164214,0.32643223,-0.43519124,-1.8024375,3.5365238,-0.74108994,-1.4579287,-2.1612916,-0.49231887,0.18148544,-0.544037,-0.032161713,-1.1457196,1.1863415,-1.1658744,-1.6505387,0.69500905,0.5855455,-0.5466311,0.6419663,0.75
-3.4405413,-2.095905,0.2622825,0.14959005,-2.2522006,-1.3639418,1.8074038,-1.8780563,0.14142607,-0.032559462,-0.49722803,-1.05264,-1.199909,0.6867697,0.759941,1.2027112,2.066176,-1.2858745,1.898756,-0.7131836,-0.5756126,-2.5406024,0.264405,0.14766052,-1.8442869,1.8253624,2.1135538,-2.673438,5.428508,-1.581718,-0.27111268,-0.087319985,0.7457627118644068
-5.1367583,-5.188314,-4.8201723,-0.3383446,1.2225727,-1.2587721,-3.379263,-1.5645474,0.026097156,-0.84915143,-0.72338307,-0.8917378,-0.7418142,-0.5988146,-0.32038128,-0.45057398,1.2798598,1.2198254,-0.38668188,0.38760954,-0.5414739,-0.9807676,0.0635591,-0.33475524,0.34246647,-0.26847467,0.37073535,1.2507808,-0.6937523,-0.4535854,-0.94886357,0.15678366,0.4194915254237288
-4.907464,-6.3749886,-5.9399414,-0.56423295,1.7969267,-0.23376296,-1.8905829,-1.0839721,-1.0604019,0.659408,0.30513436,-0.6053603,-0.6969022,-0.97603035,-0.44732234,-0.5825361,0.21889436,-0.87366134,-0.090560004,-0.4697205,-1.1319839,0.03448288,-0.3997922,0.08911526,0.18809935,-0.6869791,-0.37817088,-0.1805054,-0.53158855,-0.79043007,-0.1995905,0.4556739,0.4152542372881356
7.3940115,-0.5726973,0.033729512,0.29024875,0.8580949,3.6575553,0.11796138,1.7800655,0.13162081,0.3686701,-1.9054675,-1.8051053,5.0759873,1.4415214,1.4981976,-0.6432196,0.8358911,-0.68824935,2.0565503,-1.2930996,1.2215596,-0.810097,-0.66866994,0.2266528,-1.3200077,1.2547172,0.76119864,-0.8963777,-1.5201137,0.8178587,1.1817293,-0.098852016,0.15677966101694915
-0.78336203,-0.12527585,1.3860285,-3.0980647,-1.6025538,-2.810305,-1.0196424,2.2031527,0.741485,2.8023462,0.3374219,2.690454,0.26722804,-0.35064065,-2.6009078,-1.0058322,3.385621,-0.39574695,1.2362045,0.91450894,3.0817375,-0.43404838,3.6797311,-0.5349455,-1.2211585,2.1985023,2.662673,0.7478798,-0.02916354,0.22599618,0.18119524,-1.994159,0.5805084745762712
-2.8320785,2.7692158,-0.5304452,-0.06373613,-1.7119603,5.0074005,0.37719488,0.8296533,-0.05010529,-0.86055,0.2793561,3.375004,1.6355052,1.7072463,-0.20161824,0.61082995,-2.1323557,4.525082,4.863423,2.9952517,1.521941,2.9576166,-2.8267183,1.5331396,-3.6746826,-0.38159359,-1.4702477,0.941375,0.059179366,-2.1883945,-0.60324985,1.0272014,0.22033898305084745
-4.374713,7.753005,-2.6532087,-0.6804949,1.620815,-0.38999385,-0.04540886,-0.63920105,-0.13028823,0.7343973,0.5125872,-0.7261557,-0.5177936,-0.3235393,-0.40759075,-0.5677444,-0.1932492,-0.02790463,-0.5915435,-0.355424,-0.77387226,-1.1778077,-0.46113336,0.44327858,0.35173088,0.0043602735,-0.08960271,-0.42577568,-0.40838826,-0.4224292,-0.47183448,-0.03432197,0.7796610169491526
-1.3822865,0.89740187,1.7718021,7.788372,-0.82733643,-2.509532,-0.91249895,-2.9760888,-3.0163617,7.102361,7.016408,-5.4281764,-4.2636805,2.990574,-3.232172,-2.875328,0.7654444,2.5165539,0.38377154,3.1629,1.8565515,-1.7237172,-0.36102018,2.0534596,-2.2905788,2.1492004,-0.3757029,3.1010642,-1.5183291,1.1131397,0.18308143,0.97140294,0.9703389830508474
7.4196672,-1.228859,-1.2348249,3.1480355,-2.365893,2.3805938,0.4715784,3.5082006,-0.47744608,0.522573,-1.7135324,0.9599407,0.071900606,-1.764692,0.18415979,1.0447109,0.31554544,1.3695322,-1.8612261,1.5051105,-1.34553,-0.7979052,-1.9378593,0.5028075,-0.02993173,1.3567374,0.37862682,-1.2197533,0.04265213,1.5239332,-0.64460087,1.5681642,0.3008474576271186
-1.2678244,-2.8621035,5.457906,-2.2685914,4.401417,-1.9709882,-0.32449868,1.9715573,0.8040483,-2.47322,1.4760203,-0.8196305,-2.2860847,1.5204636,-0.79758763,-0.04310336,-0.9495397,-1.3150153,1.8307574,-0.5904815,1.1903794,-1.4019504,-1.1473271,2.5434294,4.365435,4.1782093,-1.1636035,0.2845083,-1.7672416,-2.599133,2.677007,-1.6400506,0.2288135593220339
-4.263068,2.1835015,-0.35968077,4.430373,-4.903316,8.45417,-2.4162798,-4.316335,-0.5182804,-1.7595248,-2.3528585,-1.1136445,0.5849536,-0.34966373,-1.1655632,-1.4762869,-1.0635352,-2.263442,-0.38124302,-0.6665474,0.19364049,-0.70181084,1.517139,0.640291,-0.45406556,1.4719095,-0.13458076,-0.4294934,0.23045737,-0.13745406,1.1936638,-0.467331,0.8919491525423728
-5.339751,6.8653216,-2.391523,0.25242832,1.6145076,-1.0787153,-0.082447186,0.6249665,-0.18849242,0.28079444,-0.32510263,-0.22794668,-0.46100283,0.1247,0.14068162,0.9064259,-0.72672683,0.15551421,-1.1943247,-0.1616467,-0.53378344,-0.94242287,0.0822137,-0.04054573,-0.04553716,0.62199885,0.17577241,-0.1008689,-0.9793978,0.16038796,-0.36108786,-0.060715172,0.5550847457627118
-2.8305779,-0.6908561,7.8053274,-2.0454724,4.185131,0.8564561,-2.197059,1.1144035,-1.6610079,-2.6419601,1.1990734,-0.28177983,-1.3035414,-1.2367771,-0.19181079,1.3774245,-0.7160194,0.6649862,0.962531,-0.91829485,0.91574967,0.5556729,0.97809005,1.168896,0.58670855,-1.037506,1.597023,-2.0623584,-0.92808247,-0.54176474,0.6651731,0.17413265,0.6016949152542372
6.221592,-0.7833557,-0.4157517,-0.8086183,0.27553698,-1.4092515,-0.22012612,-1.0439177,-0.60384125,-0.6522423,1.237907,3.4341202,-2.5760605,1.1133478,0.15944204,0.5537603,-1.0918522,0.98485774,-2.5613286,0.7818126,-1.0539685,0.7048671,1.167872,-0.08488129,-2.204805,1.3982394,0.5056225,-1.7608683,-1.1641543,-1.9317329,1.8932257,-1.6925886,0.4597457627118644
8.27622,-1.0238096,-0.87320983,2.1079404,-0.049519822,1.4229563,-0.48915023,4.0812483,0.41376406,0.06943253,1.2028307,-1.1756818,-0.032799512,1.3936877,-1.4111283,-0.9498089,0.4751145,-0.071008995,-0.17213577,0.4626428,-2.3343186,-0.26375008,0.48247552,-0.020812988,0.70755917,-0.76405233,-0.10861094,-0.28012168,-0.38037232,0.03140736,1.3203568,-1.0662315,0.6483050847457628
-0.4657994,-1.4537654,8.5401945,-2.8022714,6.2286735,1.5347288,-1.4908239,-1.7115717,2.1615725,2.8989599,-2.357099,-1.3181375,2.0562072,2.700082,-0.37124193,0.68565965,-3.2744536,-0.34266907,-2.0794954,3.572311,-0.8174553,-1.4369789,0.3971294,-0.1252436,-0.9706021,-1.1255168,-0.86524093,1.4622228,0.89874107,1.0197581,-1.0928998,-0.5719345,0.3834745762711864
-2.6503592,1.211802,0.591843,1.1010675,-1.9577078,-2.2679892,0.36910254,1.5290822,-3.326439,-0.7090013,-0.59884864,-2.8124857,-0.76814616,1.118368,-2.693124,1.7865553,2.0365934,0.044246674,-1.0906374,-0.5446703,-0.17229404,2.8666012,2.0758493,-0.8172599,0.09561074,-0.3336472,-3.1220236,0.7186556,-0.005150929,1.2518804,-0.37650245,1.2118753,0.8813559322033898
-4.8771477,-7.499936,-6.025169,-0.6968069,2.8044615,0.46133247,-2.3146632,0.34511268,-1.5991583,0.38975155,0.5414827,1.0873165,0.63209313,-0.46521163,-0.12694284,-0.26746824,-0.3010996,-0.79106593,1.1169175,0.58573675,-0.09388824,0.9927022,0.45295817,0.20520067,-0.15957963,-0.2661768,-0.93728757,-0.09036441,0.6633851,0.283621,0.2640868,0.5956021,0.029661016949152543
-4.60651,5.58943,-2.297885,-0.0053291544,1.1355541,-0.615326,-0.7594105,-0.68798107,1.3461382,-1.9807298,0.048363,-0.7140266,-1.1316384,-0.6059839,0.040547974,0.13276708,1.0704272,1.6741931,0.521613,0.85562694,-0.4644816,-0.81995964,-0.09829122,0.15189093,-0.040675487,-0.9533267,0.3644176,0.39893723,-0.50735724,-0.5379313,0.007732123,0.097209856,0.1440677966101695
-1.5458288,0.7326754,2.4180565,-2.2940257,-2.2207627,-1.5513484,3.6633086,1.9058843,-2.1412163,0.4149471,-5.032073,2.0877557,0.14377658,-0.72146755,-1.7097888,-1.540584,0.6536261,-0.74671584,-1.7477407,0.8636703,-1.3767675,1.8867893,-0.25674945,1.1101713,0.07461145,-1.2514277,1.1348567,1.9108212,0.57852614,-1.7886592,0.6343366,1.5264552,0.3834745762711864
-3.1412315,4.9795246,-0.3826641,-0.12501794,-1.782502,0.98239636,-1.2899768,-1.4463012,-0.62619835,-0.6618936,0.7433414,1.3106865,-0.9288852,0.14373101,-0.59699243,-1.4326953,1.9106462,1.8115753,-0.84316707,-0.028849334,0.39076793,-1.3288227,0.04789953,0.35237047,0.43712842,-1.1410346,0.17682181,-0.81986356,-0.20530918,-0.78025764,-0.7690656,0.8979548,0.7584745762711864
-2.2656708,-1.4161392,4.195554,-3.6075745,-3.1622014,-2.1732278,1.0401684,0.51313186,-1.3237832,-1.6851695,0.6620273,-1.5934267,1.8406184,-2.2023401,2.0442808,-1.7236432,0.019915603,0.17973971,2.272451,0.94131404,-0.21580258,-3.2249155,1.4104245,-2.9069955,-1.3153611,-1.4558553,-0.9037743,0.44652468,-0.24673943,-0.6774447,0.912721,1.2102338,0.4067796610169492
8.89209,1.5578166,-0.6153858,-0.99297225,0.59494394,0.007224545,1.220336,-1.6497756,-1.6798196,-0.3975003,0.9311739,0.9976479,-1.4106064,-0.81023407,-0.43268585,-1.2945167,0.06256913,0.15139492,0.14506945,-0.9601438,-0.9508185,2.3128712,-0.80676264,0.21045464,0.53568524,0.53868026,-0.6911328,-0.42269075,1.0943372,-1.0975387,0.20193547,-0.3810619,0.13983050847457626
6.6630106,-1.3374692,-1.0486691,0.09432267,-0.18685961,0.26931185,1.3021116,-0.12048195,-0.7341705,1.181655,0.38827568,-0.7140229,1.6667415,1.9719685,-0.1859695,0.46128684,0.11439197,2.7078679,-1.6529565,-0.8594684,-0.85734415,-0.19049865,-0.5070455,0.022001043,0.404863,2.5062344,-0.021130875,-3.2043777,2.2633052,1.6493332,-0.8311106,0.8422625,0.288135593220339
-2.8737693,-1.8550676,-1.9377661,2.747424,-2.41261,-2.1019413,0.6672762,1.9866294,-4.4287596,-0.38879666,-1.3900445,0.30184594,0.057813674,1.0703448,-1.3911209,5.064648,-3.4513245,-0.038395315,-0.37759137,-3.0189462,0.2426094,1.103124,3.3046358,-2.6968668,-1.4175656,1.6241263,-3.3051622,1.4094752,-0.4833625,-0.30617058,-1.9536054,0.78143525,0.9830508474576272
-2.9881678,0.0972992,5.294132,-0.75065476,-1.3597655,4.5945654,-0.5913546,-0.7247895,-3.3761399,-1.3461096,4.8532662,0.8786224,0.6950989,-0.19286513,1.8008811,2.376809,-1.2941436,0.36352056,-1.2431476,-2.0197515,-2.992047,3.845839,-1.7161952,-2.0483103,1.4072661,0.1321941,3.1669583,4.1054344,-1.1241828,0.969737,-0.1729491,-1.1789031,0.684322033898305
-5.5175805,6.709423,-2.1826982,0.95184916,1.8402342,-1.166671,1.4480356,3.1561215,0.46091476,0.6205348,-0.3913033,-0.4451927,0.9981488,0.89209497,1.4139025,1.2694024,0.15054354,-1.521616,-0.5483643,-0.5526345,-0.7126272,1.9317464,0.36266991,-0.90244883,0.17066959,0.23839796,0.14766727,-0.15276124,-0.9722788,0.8827578,0.3595189,0.01287663,0.652542372881356
-3.1383219,-2.3846762,-0.030634731,-5.0792656,0.87566245,2.6039214,4.69605,-2.3224003,3.462416,3.1894274,0.33783486,-2.4483533,1.0693494,-1.9995258,-0.70072156,0.38904387,2.3190694,0.5442432,-0.03561604,-1.0680907,-0.34946406,0.7122552,1.2075856,1.2078578,0.7130548,0.2910763,-0.8793865,-0.7516148,-0.69091165,0.880077,-0.8236004,-0.32260624,0.6610169491525424
-4.363987,5.521595,-2.2891107,-0.15522075,2.1012464,0.26276934,-0.009122923,1.1420615,0.7540669,0.33673528,-0.71471894,0.7156822,0.34668162,-0.92814225,2.016088,1.4454765,0.4661982,0.54288524,0.91015506,1.1086286,0.8998267,-0.07842015,-0.47629946,-1.7836308,-0.0036937445,0.98912984,-0.49459863,-0.9299263,1.0791847,-0.6118931,1.9007716,-0.5798446,0.635593220338983
4.63351,0.8308729,-2.2774205,-0.16536069,-0.25173008,-1.0488216,-0.05736286,-2.2089858,0.3476538,0.4617253,-0.0117405355,-0.80010533,-1.5395383,-0.9020045,0.22155875,1.9217888,0.5111165,1.8769213,-2.145346,-0.39663622,1.0432119,0.5639868,-0.8622927,-0.26271358,0.55124456,-0.40769768,1.5531414,0.39069003,-0.59713477,-0.6720914,-0.62076515,-0.024320442,0.3728813559322034
7.4947653,0.749295,-0.6640314,-0.9075151,0.72952986,-1.5513566,-0.8161051,-3.1260014,-0.13113806,-1.3034755,0.6872412,1.672905,0.1508214,0.045417175,-0.2914979,0.83897495,-0.81876767,0.17505036,0.009919286,-0.13541728,1.1452658,1.0595684,0.81964946,-0.3238942,-0.041911304,-0.8190522,0.44962183,-0.5242763,-0.14836507,1.4559135,0.00095398724,2.017106,0.940677966101695
-2.3292758,-0.72690356,2.5686927,13.015469,0.8986689,-5.912143,0.57385397,-2.7566662,-1.70557,-1.6734316,5.7030168,-2.27228,13.739417,2.270928,-0.007281184,1.8674419,2.154881,0.16823898,-2.7443883,1.4674636,0.73021865,1.0642028,0.7291998,2.0725703,2.1865492,-0.57979566,0.976923,-1.7018759,0.8472601,-2.3412387,0.9611666,-0.0685758,1.0
-3.8737373,-0.7365389,4.7985544,-0.3627221,-2.067502,5.4361124,-1.1927818,0.27807415,-2.3408883,-1.3600297,4.547695,0.031883553,-0.4030606,-0.7481663,1.4155143,1.4288242,-0.941341,1.3539045,-0.8315372,-0.9150053,-3.1270735,1.7049181,-0.6555174,-2.1320677,1.3789902,1.2585447,1.1069494,3.2128212,0.291529,0.5463342,-0.794978,-0.9073903,0.6440677966101694
6.2166924,-0.06482047,-1.6320829,-1.434495,-0.04647407,-0.045261025,1.0190846,-2.1224241,-0.6522826,-1.9946471,0.5875063,1.3442996,-0.3898429,-2.3799481,0.5858139,-0.40101066,0.14224489,-1.9828901,-0.13581125,0.2528397,2.7641625,1.6450264,-1.0832368,-1.1019504,-0.38360727,0.4677671,0.21766049,-0.9561309,0.5101275,0.41011965,-0.46395242,0.8312863,0.5211864406779662
6.5641994,1.4771702,-1.6668218,0.46806017,1.3431967,-0.089810625,-0.03743787,1.1019878,1.847383,0.7114763,1.1449523,-0.19655922,-0.44673848,1.1352963,-0.35686606,-1.4760566,2.168561,-1.9669284,1.0585271,-0.49259222,-1.3142004,1.3294094,1.2367543,-1.8538165,0.73861396,-0.8250124,-0.14833586,0.5434147,2.0733926,-2.0689454,-0.8853455,0.094972864,0.326271186440678
-5.386192,0.55806875,0.18826084,1.0931057,-0.97506005,-1.3056216,-0.65151006,-1.0361772,0.3096232,-1.6432353,0.25135815,-0.4966841,0.5287414,0.009007081,-0.05835729,0.85395485,2.2398987,0.2974341,0.7250148,0.06847452,0.45540094,2.82564,2.2139754,-0.28631502,-0.14146662,0.7349226,0.012983263,0.7300811,3.8593564,2.4856336,1.100899,-1.8335712,0.6207627118644068
-2.5868733,-0.320269,0.6551704,-1.1080115,-2.4924664,-1.4900405,-1.8720796,-1.1643214,0.22811365,1.2602826,-2.9680824,-2.394833,-2.1096692,0.8082345,3.429907,-0.96473086,2.7581415,1.5508044,-1.563535,1.2849765,-0.63250256,0.001140113,0.61569095,0.08546442,0.14426166,0.584955,0.8408662,0.47356188,-1.4065708,-0.7562548,-1.8150024,0.022953527,0.2542372881355932
6.8979597,0.68107826,-0.87248176,-1.0624058,0.68253124,-0.2674815,-1.1593709,-1.6400155,1.3665156,-0.6743296,0.22069964,1.8189535,0.056807473,0.5195991,0.034874313,-0.6145056,1.1585718,0.8204245,-0.1213571,-0.24485222,1.0163097,1.1174818,1.0387211,-0.123686895,-0.26648277,-0.096260116,-1.3666492,-1.491571,-1.3628699,0.29443076,-0.5342747,0.9978887,0.885593220338983
7.5707116,-0.8474741,-0.9642941,2.253197,-0.38112992,1.9146296,-0.36312282,2.3525534,-0.43385866,-0.49088436,-1.5740695,2.1547875,1.1283369,0.0051674843,1.6048551,1.9779524,-0.63242847,1.5412565,-1.5074941,0.39576823,-0.75500846,-1.4325686,-0.08991715,-0.5661369,-0.32941872,1.5804656,-1.3139882,0.4107987,0.3628506,1.189208,0.72185135,-0.87734646,0.9576271186440678
6.221592,-0.7833557,-0.4157517,-0.8086183,0.27553698,-1.4092515,-0.22012612,-1.0439177,-0.60384125,-0.6522423,1.237907,3.4341202,-2.5760605,1.1133478,0.15944204,0.5537603,-1.0918522,0.98485774,-2.5613286,0.7818126,-1.0539685,0.7048671,1.167872,-0.08488129,-2.204805,1.3982394,0.5056225,-1.7608683,-1.1641543,-1.9317329,1.8932257,-1.6925886,0.4597457627118644
7.4834547,0.99750257,-1.1906741,-0.572334,0.7709357,-0.49507034,0.4152051,-2.0220308,-0.8072944,-0.07240564,-1.7878937,0.65315336,1.4003124,0.6673715,2.5412686,0.12997289,-1.4906399,2.3845527,1.2375356,-1.4775629,-1.2292316,-0.36225182,-1.2071247,1.6106279,-0.44284952,0.04659742,-0.8689806,-0.9874517,-0.51552635,0.9798374,0.19851637,0.7857772,0.025423728813559324
-3.3333058,-1.4662833,2.9226003,0.2977233,1.068747,-2.6904168,-0.8669936,-0.26761088,-1.1428032,-1.1247461,-0.9790026,1.2540332,-3.2071683,2.0704875,-0.99894285,1.8436933,0.45740333,0.58625335,-2.8522303,-1.7707117,2.8231835,-2.1074188,2.5579746,1.0694506,-0.8081038,-0.10511273,-1.1566033,0.76461697,-0.81648505,-1.0593852,1.7882807,2.0196424,0.8008474576271186
-2.164516,-2.3720732,8.932999,-1.3619685,5.495173,2.545261,-2.504525,1.5427797,-0.973753,-1.3670197,0.11407347,-1.3979893,0.3882953,-1.6352825,-0.17791308,1.4209563,-0.022801504,0.84154856,0.5065756,-0.2809992,3.4709377,0.3749622,-0.90538913,0.90839493,-0.60491234,-0.91266495,2.3301556,-1.503253,0.21387863,-2.4421747,-0.7295835,0.7099101,0.7711864406779662
-1.0491722,2.4317098,-0.7156886,-0.7700284,-2.0678918,-2.7928298,1.0912858,-0.43599275,-4.9103346,1.9168974,0.35306424,-2.3879447,-0.0926373,-0.416797,-3.1746573,2.302651,-0.8600276,-3.076611,-0.5043768,-0.1945847,-1.395331,0.10487378,0.047238193,0.74780893,0.27492937,-0.8769653,-0.18466535,-1.0194082,-1.4075949,-0.5007418,-2.017431,0.49813077,0.5466101694915254
8.01943,-0.62515855,0.39215383,0.22549047,0.68842673,0.66148716,-1.5769043,-0.24148944,0.1578702,-0.099114016,0.19463651,1.722957,-0.76752603,0.36277592,0.5575767,1.853879,-0.536421,0.96322227,-1.4607652,0.21334812,-0.9073287,-0.21136776,1.6714115,-0.86537725,-0.80675244,0.32413208,0.7715095,0.25517496,-0.8759793,-0.7388159,1.0247248,0.9635384,0.2775423728813559
6.7922425,1.5682757,-2.6499906,-0.6448557,-0.08024716,-1.5622423,-0.86960804,-1.9580709,0.5985937,-0.43801737,-0.45247558,-0.20386013,-0.27635852,-0.46651828,-0.6369174,-0.70924914,0.10955827,0.4904541,-0.88213897,0.1775563,1.3426125,0.41523927,-1.7050536,0.66807425,0.53355515,-0.72433674,1.6721127,-0.4010571,-0.5748924,0.15489985,-1.1381396,0.90865946,0.6694915254237288
-4.301246,6.9647045,-2.099421,-0.2686175,1.4126855,-0.34207827,0.28770286,-0.01334542,0.48455518,-0.2965626,0.68950796,0.4378313,0.60515803,-0.54942,0.25227052,0.106358215,0.04427199,-0.21600115,-0.10832061,0.9830366,-0.85763454,-0.3789064,-0.8241175,-0.7712271,-0.4108498,-0.4729354,-0.46326822,-0.80231833,0.44856805,0.0644483,-0.02658794,-0.16877457,0.4110169491525424
-5.1367583,-5.188314,-4.8201723,-0.3383446,1.2225727,-1.2587721,-3.379263,-1.5645474,0.026097156,-0.84915143,-0.72338307,-0.8917378,-0.7418142,-0.5988146,-0.32038128,-0.45057398,1.2798598,1.2198254,-0.38668188,0.38760954,-0.5414739,-0.9807676,0.0635591,-0.33475524,0.34246647,-0.26847467,0.37073535,1.2507808,-0.6937523,-0.4535854,-0.94886357,0.15678366,0.4703389830508475
6.824517,-1.2882345,-1.6411277,1.2749692,-1.7783434,2.3795183,1.1617644,2.8155198,-0.4130429,2.8830886,1.5107362,1.6306973,0.99326015,-2.7396898,0.5223952,0.2876034,-0.6425527,-0.012316629,-0.8700522,3.0092077,1.0798019,-0.88839674,-2.2300715,0.092782535,-2.0170026,0.619852,0.64664394,0.7163287,1.3190311,-0.6970116,-1.9663632,2.1047235,0.8771186440677966
-3.2620807,-3.4228797,-3.521884,0.18657088,-2.2829378,-1.9814389,1.9079087,1.610119,-0.771159,-2.1869416,0.73213255,-2.7071893,-1.934191,3.4049537,-1.1360992,1.0040963,-0.9839662,0.30313957,-1.3320453,-0.1490283,1.3335937,0.50591296,2.9484596,-0.6083089,-0.19904166,-1.7584106,-1.5386162,-0.7458083,-0.36467957,0.41362315,0.32560447,1.3151016,0.3983050847457627
7.5169444,-0.6862673,-0.5863158,1.6901482,-2.1069512,2.3906431,-1.486639,4.3611474,0.64368355,2.584855,1.7499024,-0.75888765,-1.0986024,-0.0831496,-3.1014652,-0.82844555,0.3059834,-0.17431194,0.6335894,-0.11560988,-0.7362151,-0.6573669,-0.50946915,0.58422065,-0.7120764,-0.1334405,0.00070407987,-0.75891316,1.119152,-2.2955883,0.23622853,-0.46550447,0.7330508474576272
8.500508,-0.9029819,-1.5126224,0.7326291,-0.47655857,1.18536,-1.1427912,2.2243435,-1.0263674,1.2366778,2.2753248,-0.8536166,0.13389367,0.69166213,0.4398856,-0.5813239,-1.4414653,2.1509304,-0.12344369,-1.5039463,0.45553896,0.37844527,0.5597234,0.03083194,0.31444886,1.1069994,-0.38073987,-1.1722956,-1.2533019,0.9664649,0.49417078,-0.6368395,0.1483050847457627
-3.9577563,-5.2849197,1.8755773,6.253196,-0.30723566,-2.8326454,1.7437863,-1.0604408,1.5164073,-5.892071,-1.5564187,-0.55351377,-2.1257033,1.2268033,2.403227,4.4260097,1.9031204,1.8771797,3.1593926,1.1822989,-2.5692172,-0.5711752,-3.2627459,1.2741221,-2.7663088,2.2831452,-1.4241662,0.35602567,-0.735674,-0.99715286,0.07143968,-2.1021569,0.4279661016949153
-2.87363,-2.1538146,0.5429679,-4.565486,-0.87450075,2.6226368,5.895621,-2.4842753,2.9418933,4.086764,0.37149417,-1.430907,1.3671585,-3.1658068,-1.1961972,0.92271256,0.40317488,0.10646345,0.802273,-1.3649695,0.4904502,0.1695193,1.0550878,0.5389485,-0.64708316,0.097318925,-0.8710177,-0.44934767,-1.4146707,0.20029694,0.15389279,0.93556225,0.18008474576271186
4.8675904,0.5820632,-1.218862,-0.8761892,1.0516437,-2.2153037,0.16031769,-3.7926717,1.2026222,-2.3809705,1.0694449,0.73264503,-0.8008326,0.41009867,0.28181362,-0.17293608,0.09398022,-2.074556,0.8874994,2.2511458,-1.2215562,0.3805815,-0.07985943,0.8273308,1.0975852,-0.94819814,1.8064063,0.675887,0.6128231,1.6314142,0.78037137,-0.12373001,0.13347457627118645
-3.9272504,7.8427505,-1.6774114,-0.21401152,0.39686352,0.6793084,0.87531793,0.10245934,-1.125088,2.5036902,1.0660299,0.3813209,-0.793187,0.3772571,-0.54402584,-0.96988106,-0.9047642,0.64989316,-0.50885874,-0.9706267,-0.23347998,0.096319854,-0.6821285,0.7666753,0.8076283,0.5649165,-0.6697305,-0.77634096,0.6813152,0.23364662,0.0055469777,1.2777336,0.24152542372881355
6.9603395,-0.20474136,-1.1160991,1.75541,-0.15135062,1.0945095,-0.8594432,1.7615453,0.7001917,-1.6491308,0.24476044,-1.3951565,-0.8092265,-2.1396856,-0.9669293,0.4928791,1.4346484,0.24892706,-1.9371203,1.5304922,-0.110350445,-0.6453066,0.114969045,-0.7196563,0.72883177,-0.8218783,-0.005550936,0.63039076,0.5630037,1.1282296,-0.5121513,0.68949664,0.923728813559322
-4.9149456,6.902517,-2.1198153,-0.2327195,0.49426666,-0.726321,0.21496692,0.57209677,1.432224,0.10157901,-0.0020213872,0.35275358,-0.6956599,-0.53600407,0.13174838,-0.43733674,0.2344837,0.25980413,0.39107206,0.812112,-0.635705,-0.35744452,-0.2236963,-0.047531515,-1.2541044,-0.28096735,0.3716442,-0.6626917,-0.32243413,-1.1486244,0.12847713,0.13533144,0.788135593220339
-5.831756,-6.77237,-5.0673075,0.28358436,1.2963207,0.64263624,-2.263423,-0.38807282,-0.671091,1.7671039,-1.2636195,0.37376645,0.15911448,0.82130456,-0.005563639,0.31456083,0.6613279,-0.022046387,-0.47462672,-0.5174764,-1.9498897,0.07646078,-0.71783,-0.8767209,-0.028007776,-0.16062133,0.48209453,-0.39515182,-0.840168,-0.2955235,0.02689901,0.48362976,0.3305084745762712
0.2121304,0.7842963,0.9106478,-1.314892,-1.3993213,-0.7634401,0.70975983,0.9136845,0.34534806,3.2447577,-2.585486,4.219815,3.1808324,0.85365784,-3.61024,0.03441058,1.0133381,2.6520114,0.71567094,-1.3998493,4.510333,0.030826598,1.175425,-3.3109622,2.4310966,1.9093921,2.452946,1.7205527,-0.41191489,1.2747025,1.3844787,0.47296613,0.3199152542372881
-3.0865214,-2.0265574,0.6436277,-2.1964808,-3.6062024,1.3098401,4.152613,0.7506011,0.5451661,-2.0076456,1.2319111,-0.60964096,1.6939139,0.760461,0.6805302,-0.6738781,0.05251971,3.279435,1.1875646,0.027406693,-1.2891666,0.23123966,0.95597076,2.1459281,0.25180137,2.4622495,-2.6931505,1.7712379,0.25149456,2.4651356,-0.9797628,-0.2937519,0.05084745762711865
-2.4457693,-1.7791712,0.6709471,0.81033754,-2.9079123,-0.59580445,1.136861,2.5737376,2.528623,-1.4601575,0.8799813,-0.919907,-0.033655792,3.0588324,-1.6759832,-0.25870723,-2.9917378,0.3934495,0.18486856,-3.6987371,-1.060981,-1.4559493,-0.40745926,-0.88981193,-1.4850779,-0.5628878,5.282319,1.7007937,1.172368,-0.8149342,-1.4948138,-0.71220326,0.19915254237288135
-3.1862218,-1.0907397,3.2718961,-1.0316476,-5.0439844,-5.2065234,-4.9696856,0.24612592,4.7743635,0.8921253,-0.26319313,-0.028137594,0.12005477,-2.4826546,0.41682348,0.022252366,-1.7234604,-0.011083834,-1.408883,-1.5912721,0.20283608,0.84588,-0.37964353,1.6406078,-0.07379519,-0.051099807,-0.70561063,0.13752334,0.584432,0.060525164,-0.21998458,0.11984737,0.9533898305084746
-1.5559425,0.44605833,4.0877914,-1.5865748,-1.1649791,-0.9272826,-0.2167184,-0.3073367,-2.5692906,-0.053327188,0.11986101,0.2707806,1.6846211,1.0757893,-1.9155335,-2.5578961,1.9536934,1.049225,-2.4233356,-1.1977152,0.878952,-0.13677442,-1.1892934,-2.18544,2.26486,-1.478722,-2.075178,1.1805731,0.70782876,-0.9720919,-1.9429189,-3.7534816,0.538135593220339
-5.395636,7.337696,-1.8332882,0.22700551,0.9006903,-0.91567683,1.4681182,2.8639076,-0.02527276,0.52630615,-1.2152064,0.11118265,1.1680781,-0.531215,1.1856863,0.5518022,-0.98791575,-0.29377407,-0.21382242,-0.11950953,0.42805925,-0.44626695,0.26903805,-0.60166126,-0.2249891,0.65471905,1.3943613,0.9418614,-2.1559236,0.4445038,-0.6486441,-1.4366357,0.08898305084745763
-1.2397571,0.0032624453,4.1258154,-4.1070294,-2.821938,-2.1356928,0.41610464,-1.3487849,-3.0637257,-1.309294,1.6017946,-1.1033782,1.79498,-2.5372717,2.998957,-1.134306,-0.33785993,0.48976701,1.7477932,-0.69045734,-0.67938167,-1.5317204,0.1561188,-2.8628893,-0.84370613,-1.4642249,-0.981694,0.5370282,-1.355472,-0.14587697,0.6405381,1.3321996,0.4406779661016949
-1.6192845,0.7286217,5.0301123,-0.47615522,1.1794441,0.37778223,-1.9977796,3.1371636,0.4645796,-1.869805,1.7472123,0.3571144,-1.7558167,-1.058129,-0.16341458,1.1766894,1.0054561,-3.5406287,2.86724,1.641215,-1.4879227,4.5533524,3.7022228,0.92953324,0.6126319,2.9321094,1.7883444,-0.018935025,0.76171046,2.1359706,-0.21163876,3.394678,0.809322033898305
-5.178814,-5.3489466,-5.5375385,-0.031137556,1.1871455,-1.1372714,-2.7032077,-1.0438006,-0.276831,-0.4299886,-0.6479825,-0.6864199,-0.96120834,-0.67951053,0.018243838,-0.181225,1.0417135,1.0774214,-0.52982134,0.24565452,-0.5949215,-0.6743745,-0.15119946,-0.12340632,0.23046014,-0.12814581,0.316871,0.66364616,-0.924182,-0.24532431,-0.6564199,0.45659447,0.25
7.083851,0.35442573,0.92056185,-1.5440117,1.738522,-0.7757081,-0.3290202,-1.5928569,2.1526802,-0.8508692,-0.14300779,-0.15681875,0.1394457,1.5803914,0.5591817,-0.6815122,-0.99266624,-1.4531069,3.2735941,-0.47290775,-0.26353925,0.625556,-0.33633423,-0.19003564,0.73329544,-0.050952245,-0.8813543,1.7824345,-0.28094107,-0.4260022,0.011634193,-0.9961017,0.0211864406779661
6.391613,1.5844238,-2.1280208,-1.191327,0.45697546,-1.4192382,-1.2602713,-1.0330688,1.0976545,-1.2944242,-0.12028185,0.2073718,0.8248052,0.6298982,-0.59295404,-0.29199183,-0.9095979,-0.09380553,0.36430937,0.41945708,-1.5761151,0.23839863,0.27035314,-0.07320677,-0.21841232,0.8835443,0.02457647,0.34932658,0.5313674,-0.87693584,0.7072105,0.6872362,0.1652542372881356
-1.919336,0.0776172,2.9811852,-3.385248,-1.6591566,-2.9082954,-0.44441628,0.9661914,0.42799768,0.56141573,0.07000695,1.852183,1.1986158,3.7936778,-2.325566,-1.1072537,-0.098605484,-1.5292628,3.7627459,-0.30638102,-1.3117336,-1.7262354,0.65716904,0.5920094,0.14690167,0.029370964,1.149737,-0.7386906,0.1813245,0.22230442,-3.0741272,1.2014402,0.1864406779661017
-5.1364856,7.5391903,-2.571157,0.72037405,1.807931,-1.0839528,0.4216708,1.57516,0.54323983,-0.12164752,-0.13925052,-0.6035754,-0.3059106,0.39159408,0.03554967,0.8796426,0.110318035,0.22100602,-0.38980532,-0.118242905,-0.14302711,0.13811237,-0.18847397,-0.36123633,0.06137368,-0.4261747,0.0002972833,0.57211894,-0.7861562,0.3673255,0.4740252,0.14605278,0.8728813559322034
7.398731,1.3404055,-0.6804323,-2.7750494,0.7066719,-0.74484515,0.16584891,-0.8757449,-1.5775242,0.9795871,0.110256106,0.62096214,-0.32848054,-0.7199598,0.18026353,-1.5630419,-0.67193574,-0.52693486,0.72852623,-0.4292042,-1.0515852,0.46998915,0.46091875,-0.43707258,1.2929773,0.75440216,-1.4342963,0.38699374,0.5842716,1.4670925,0.2540256,-0.75064707,0.3432203389830508
-0.36233962,1.6281841,5.2013435,-3.559785,1.2106856,1.3093132,-0.30575097,-0.27563965,-3.629993,0.9332402,2.4852943,0.56235594,-2.123098,-2.557923,0.88821393,-0.65302384,-0.30410123,1.4671674,-1.219825,-0.5638398,-1.058813,-0.9458655,1.0566902,-0.4840303,0.49827677,0.80865014,0.3342613,-1.3940122,0.29907733,0.40112454,-0.895076,0.21504475,0.7669491525423728
-0.6283382,-2.1038496,2.1450303,-1.0345877,-2.9533455,0.11873433,-1.8145156,1.6428418,-1.9790517,5.030613,-2.9396071,-2.909696,-0.73942184,1.2499901,6.846738,-1.7362715,2.0227282,0.6833949,-0.4304565,1.9523782,-0.84236103,2.8873014,-0.33257237,-0.61759937,-0.47550818,0.6850091,0.8121303,-0.65665144,0.047888115,-0.94052756,-0.2853464,0.39773086,0.3093220338983051
-5.395636,7.337696,-1.8332882,0.22700551,0.9006903,-0.91567683,1.4681182,2.8639076,-0.02527276,0.52630615,-1.2152064,0.11118265,1.1680781,-0.531215,1.1856863,0.5518022,-0.98791575,-0.29377407,-0.21382242,-0.11950953,0.42805925,-0.44626695,0.26903805,-0.60166126,-0.2249891,0.65471905,1.3943613,0.9418614,-2.1559236,0.4445038,-0.6486441,-1.4366357,0.038135593220338986
-3.832358,-3.191126,-0.9117439,-4.1463194,-0.13467261,0.72096854,4.983403,-3.109948,3.0301824,2.6078115,0.55574805,-0.5567464,0.65700126,-1.9294964,-2.2385473,2.516355,1.4418931,1.6074309,-0.3898705,-0.10978895,-1.2196743,0.14785269,0.4776531,0.6910654,-0.34315625,0.58975077,0.5781193,0.19298409,0.20988941,-1.4432194,0.01573956,-0.98218274,0.2584745762711864
-0.6090886,-1.802736,8.776182,-3.2453697,5.8200665,1.4612437,-1.5352087,-0.98453414,1.6077096,2.002108,-2.414073,-0.7496689,2.06736,2.4625702,-0.6441387,0.28228176,-3.6622133,-0.48697278,-2.1798558,3.4551017,-0.3831056,-1.9247317,0.58309937,-0.85151,-1.5542427,-1.1921148,-0.8364258,1.4057075,0.7095746,0.897085,-0.83283937,-0.57830817,0.5127118644067796
8.044176,-1.2619144,-0.37567055,3.5379865,-1.8209455,2.2193356,-1.1495588,6.4042783,1.6241744,0.5814016,0.2789998,-0.25503132,1.1501524,0.25562528,-2.069118,-1.6473014,0.101665854,-1.2381732,-0.03893411,0.20281914,-2.5731523,-0.16286191,1.7721245,-0.23934962,-0.89602804,-1.3171105,0.5068144,-0.12919047,-2.2118144,-0.8932829,1.2357917,-1.3000289,0.5042372881355932
-1.2202151,-0.5690317,2.112431,-0.799137,0.1977159,-0.43150842,0.35413536,0.9051284,-4.6164613,0.16547605,-2.5850716,-3.8180208,-0.8472228,-1.064117,0.44786176,-0.10720861,-0.45300442,1.2837672,0.45083243,-1.1738507,2.1940718,0.4122854,0.6396272,1.4501772,1.3168682,-1.5655112,-1.9158654,-1.248936,1.1952144,1.2990996,0.8881279,-3.455172,0.4915254237288136
6.9404325,-0.103750855,-1.5481199,0.34756878,-0.26677853,-0.76340884,1.3141766,0.7934027,-1.3259118,-0.9378773,-0.90224177,-2.6735349,-0.5114453,-2.4854083,0.4810174,1.0284274,-0.38081294,0.55446476,-0.9774106,1.3965068,-0.36702472,-1.0603018,-0.26682326,0.25319922,-0.43811008,0.42324498,-0.14973907,0.7144299,1.9563417,0.5501325,0.9229071,-0.25287122,0.8347457627118644
6.205266,1.4735492,-0.7680569,-0.38369733,-2.343203,0.7466882,-1.4793606,0.9913743,0.26587236,-0.48920828,-1.6649642,-0.37538937,1.2456923,0.27026862,0.8742108,-0.85242695,0.17646974,1.0484787,1.5594633,-0.95177263,0.58668554,1.0398936,1.2440865,-0.9481987,-0.5288624,-1.0831437,-0.6638234,0.65649056,-1.7819471,-1.2645894,-0.717126,-1.316911,0.3898305084745763
-6.018468,6.6727004,-1.7368358,0.57653844,1.2914681,-0.30743045,0.034773864,0.96523094,0.44415474,0.02308768,0.8205459,0.4535259,-0.62400347,0.64083004,0.71152544,0.067131095,1.2574667,0.39484847,-0.6007853,0.5435979,-0.7489936,0.3863697,0.744779,0.1575638,-0.3731755,0.4752406,0.3909632,0.42947125,0.3830899,-0.11372575,0.25622568,-0.20188539,0.4745762711864407
5.868471,-0.13359098,-1.3265262,-0.50176066,2.040348,0.22772947,0.863691,-4.032181,1.8362916,-0.41260296,-0.28074437,-0.6790993,-0.5171775,0.7579105,1.0856776,1.3621118,1.2586678,-0.51046395,-0.08152495,0.3073931,0.14355949,1.1868844,-0.11744461,-0.6116206,0.6903167,-0.9636829,-0.084498405,2.3851511,-0.6072141,0.7629075,0.5563661,0.22422448,0.6059322033898306
-5.2669277,6.2940965,-2.5666976,-0.11844513,2.089859,0.10336357,-0.2502551,0.41562533,0.19173682,0.8722081,1.0023775,0.90713286,0.2003729,0.27549693,0.19893694,0.01782906,-0.42598853,0.62596273,-0.71727896,0.6355038,-0.65215075,-1.1602427,-0.967043,0.2612666,-0.18016735,0.8379761,0.34899473,0.7755661,-0.34492856,-0.26324284,0.1998721,0.062335826,0.7245762711864406
7.7401295,-1.3943446,-1.5247642,2.5591257,-0.32145584,1.112419,-0.7739872,2.9384081,1.5924253,-0.37696972,-0.1790051,-0.6924546,-0.39413637,-2.2912936,-1.3228135,2.1103325,1.8535461,0.8774487,-1.038866,0.5445284,0.8301626,0.2584985,-0.8950763,-0.558163,0.8411847,-0.7756885,0.9001897,0.4265167,0.23365325,0.84166414,0.03617023,0.81019604,0.4025423728813559
-2.4818065,-2.0401938,-0.39599398,-1.489826,-1.3026633,-2.43799,1.8797126,0.5253117,-1.5522478,-3.3634758,0.06993808,1.016175,0.8246547,-0.7662145,-0.5646478,-1.645474,-1.3582175,2.2825532,1.1418257,-0.22596826,-0.7576622,-1.9806979,-2.1695776,0.037244864,2.5007024,2.736594,-0.87821126,-0.15281028,1.7814798,-0.7563025,-3.247234,1.3575454,0.6779661016949152
-3.655982,1.8820324,0.9650698,-0.24607937,-0.27323785,2.8348799,0.123615324,-0.96263194,-0.40563804,0.23621199,1.274733,0.85740536,-1.6666721,1.2497692,-0.60696274,1.3286098,0.48772055,1.154219,3.7708788,1.598445,3.9668899,2.1854415,-0.70088595,4.29333,0.2878576,-1.9327416,-0.7259462,1.0360892,-0.3757932,-0.12908569,-1.9481223,-1.1439822,0.4597457627118644
-2.4984958,-2.1680222,3.5531015,-0.34671214,-3.160292,1.8360807,-0.62520194,-0.76465905,0.5574218,2.0725923,-0.44645238,-0.47324595,-2.9378102,5.009884,-0.9272678,2.738371,1.2080264,-1.7844682,2.6692488,0.010157943,1.0808057,-1.5688004,-3.271315,-3.0861554,3.7793484,-1.5400023,0.08907637,-1.8910947,0.36154228,1.3321503,1.5568948,-0.655624,0.5338983050847458
0.111993015,-0.3198636,3.3016353,-0.12577799,-1.5416327,-0.94475204,5.780786,1.6939142,-3.8940825,-0.73147184,-6.442453,1.4537776,-0.8963174,0.970257,-1.5078368,-2.4932022,-0.6781128,-0.50084466,-0.61497664,1.3598789,-0.35375893,3.1637957,-1.1422102,2.7543585,1.290155,-1.2017094,0.9066894,2.8123846,2.6278648,-1.8861661,1.6564327,0.8725425,0.3559322033898305
-1.6095791,-0.033343285,3.0749223,-3.7187386,-2.662332,-3.6122954,-0.22496685,-0.95516336,-0.5060297,-1.7074217,0.7336687,-1.5511289,0.90608805,-1.6253377,2.0284584,-2.240008,0.060691275,1.1714598,1.8992459,0.17797872,-2.2853382,-1.2843943,0.86499363,-0.79631037,-0.66709024,-2.1370182,-0.0328435,-0.27291608,-0.37687084,-1.0784265,1.9866699,0.8314232,0.3474576271186441
7.4299364,-0.016998917,-0.62685186,2.347001,0.27589968,-0.6637596,0.87063766,-0.15568137,-0.6264264,-0.39181426,-0.20603569,0.7898192,-1.7259493,-0.054576382,2.6074314,-0.6667006,2.7821674,-3.2375042,-0.48118693,-2.5189095,3.531343,-1.7401497,-1.8416393,1.0263083,-1.9385082,-0.53075594,-0.20933272,2.0819354,-1.3842945,2.0908592,-0.16935082,-1.2992702,0.5254237288135594
8.284813,-0.75630283,-0.34224194,2.3584425,0.14191124,1.1879675,-0.12542908,3.9043846,0.7608843,-0.38417485,0.8822152,-2.9047055,0.25260133,-0.9353905,-0.31898674,0.49669802,1.2769157,-0.8756955,0.06294118,-0.20204985,-0.14811313,-1.5673208,-1.0436206,1.9163558,0.46017227,-0.7157795,-1.403572,1.2660809,0.6447161,-1.1764843,0.5189768,-0.29730582,0.9449152542372882
-4.699107,-2.6801536,5.0094213,11.981579,2.2552483,-6.1615133,2.1890128,-2.115971,-0.7560251,1.0755249,-1.3994708,-2.533926,-1.6506284,-3.65647,-5.086002,-4.147675,-2.4936516,1.0308146,1.9529595,-0.70602334,-0.04786504,2.6067033,-4.406892,-4.2773366,-3.8915863,0.28058252,1.6240153,-1.4440655,-0.4865797,3.1044004,3.309442,0.10479666,0.3347457627118644
-5.22327,6.4558783,-2.163645,0.82890224,1.7667482,0.47121406,-1.0847284,-0.022025317,0.9587216,-2.0030165,-0.05417113,-0.37048066,-0.27252254,-0.085928164,0.6163241,0.32380122,1.1495688,1.9474154,0.19345626,0.5114732,-0.21858448,-0.07965852,-0.033424705,0.3299197,-0.17506576,-0.50216246,-0.21698493,-0.06498276,0.15996109,-0.08656025,0.37689885,0.11775629,0.684322033898305
-4.3164663,-7.070409,-5.1427593,-0.48611373,3.2978997,-0.04078108,-0.021438852,0.30633855,-2.193437,1.7182322,-1.273627,0.90477127,1.2587125,-0.39838898,1.0775684,0.5481506,-1.913461,0.93359077,0.08549899,-1.206282,-0.12609631,0.06468044,-2.5701585,-0.7380104,1.7321059,0.15626635,-0.017649181,-1.0494828,-0.3415219,-0.4100491,0.942199,-0.71543765,0.1906779661016949
-4.209625,-6.965122,-5.1924124,-1.5999502,1.640087,0.83615875,-2.0706334,0.5449248,-1.5364342,1.5672007,0.13973957,1.7374145,0.82689726,-1.4531891,-0.3114102,-0.67090225,0.26601318,-0.9192755,0.43959382,0.3247661,1.1567336,0.28131688,0.28802678,-0.23328659,-0.3986715,-0.48345083,0.8286423,1.506027,0.49765918,0.066417955,1.2975892,-1.2981505,0.4491525423728814
6.7718887,-0.2824691,-1.398217,0.5842831,-0.025736742,-1.9214239,0.17790522,-1.772922,1.3765947,0.91019875,2.011288,-0.8368636,-0.74165547,3.4243748,-0.95239806,-0.7738875,-1.0150441,-1.5463501,-0.42526314,-1.2554446,0.09939788,1.2698092,-0.20935147,-0.38101795,-0.73366535,0.25148362,-0.059212483,0.55671084,0.32624826,-2.188905,0.22574747,1.5558306,0.3135593220338983
-2.9911063,-3.9132392,7.0636396,1.6271566,7.927604,0.34291917,-0.35508183,0.8662932,1.6992428,-4.505043,-2.6407118,0.9294386,0.35259035,1.5664262,-1.9968636,-2.4770784,5.43978,-1.409997,-1.7822983,-4.1228485,-2.1402388,0.4726975,-2.2637305,-0.45225057,-2.565775,2.48495,-1.7629899,-0.23380789,-1.8063731,0.8937846,-2.618828,0.6023319,0.6271186440677966
6.310905,0.6291406,-0.27008107,-0.48710826,0.49519345,-1.556268,0.28636372,-1.6175134,-0.52875054,-0.9932612,1.057292,-1.3486203,0.24962287,-1.0065156,1.3261139,1.1614699,0.82085246,-1.8916205,-0.35533506,-1.1320517,0.9873781,-0.6949861,-1.4155316,0.24003652,1.0984383,-1.7464969,1.6108975,0.07607302,-0.9334003,1.4783283,-0.07187094,-0.6290848,0.06779661016949153
-1.9721748,-2.857803,1.059614,0.8437581,-4.152666,-0.18257205,-0.29080087,1.7416033,-2.5442553,5.2813396,-2.9131587,-2.1390247,-0.80049056,4.2696857,6.796037,-1.9380848,2.6567833,-1.329255,-0.871217,1.034087,1.1014347,2.500866,0.28245923,0.19775058,-0.28270638,1.48737,1.8244824,-1.9406865,-0.21912289,-0.62680334,-0.5880956,-0.26691896,0.9788135593220338
-2.115649,-2.9079335,0.3466166,-4.346406,0.21070258,2.8020744,6.562092,-2.8435545,2.8095887,3.0954688,1.0162697,-1.1046255,0.15764305,-2.0461743,-0.5099917,1.6365662,1.7738639,0.14907461,-0.711304,-0.5808396,-0.18799885,0.5622631,0.54380757,0.46570873,0.081351124,0.3696369,0.15378487,0.52138996,-1.6915601,-0.215801,0.41777277,-1.2066413,0.4364406779661017
-5.5670238,-7.455179,-2.8394117,-1.744583,-0.85447896,1.0646756,3.800754,2.1232867,2.3065012,-3.7899752,2.2332997,-1.4935267,-0.14971748,2.3560097,1.5843536,-2.952998,-2.5315259,0.3835982,-1.6411495,0.19216998,2.4327917,0.16739032,-0.13651049,-0.4367986,-0.49628335,-0.4402809,0.43592826,-0.5662488,-0.46619302,1.2331812,-0.07124578,0.18548188,0.565677966101695
-3.1271496,-1.159655,3.515658,-0.9003602,-5.2148447,-5.1707034,-4.991423,0.47944736,4.884734,1.1520653,-0.2980468,0.3155569,0.47377273,-2.5644042,0.557882,0.055259556,-1.9552982,-0.27047116,-1.3369274,-1.8008063,0.2687592,1.1506591,-0.60403645,1.51424,-0.18771476,0.070148245,-0.796161,0.15191591,0.6080521,0.041082308,-0.06310798,-0.023853887,0.9957627118644068
-4.7902174,-7.2942414,-6.2046385,-0.69710004,2.7977743,0.4456051,-2.2910295,0.28892016,-1.7086684,0.27182114,0.4089148,1.2480135,0.66533464,-0.6217556,-0.08508317,-0.15147942,-0.28303146,-0.91894406,1.1494839,0.4667697,-0.040553898,0.8497999,0.5076835,0.4585629,-0.42056313,-0.0808225,-0.8220947,-0.089147165,0.40975517,0.2938028,0.27774304,0.574934,0.05508474576271186
-3.9968143,8.264381,-2.318151,-0.27660546,1.347353,-0.42973822,0.68879575,0.49224916,-0.86673665,1.5250368,0.7773147,-0.8111698,-0.02981164,0.6128724,-0.5101385,-0.98242575,-0.6761744,-1.958591,-0.26339176,-1.1989814,-0.6887105,-0.32917857,-0.14173156,-0.3008705,0.91546154,-0.35998726,-0.31244954,-1.0630817,0.018732399,-0.6866835,-0.5966344,0.5229891,0.673728813559322
5.6443734,1.6362988,-1.3438767,-1.1881182,0.65590656,0.06213382,0.3973762,-1.28618,-0.6178421,0.047615573,-2.1390905,1.7333674,0.6768527,1.0474087,0.21109074,0.9817349,-1.1324155,-0.32068956,-0.9537693,-2.1856666,1.3320048,0.29377204,-0.7683282,-1.5080963,-1.8879689,0.74119866,-0.45398334,-0.0068146586,-0.23386863,-1.0504674,0.52431154,-0.959762,0.006355932203389831
7.362505,-0.8776136,-0.29208353,1.4310014,0.84074074,2.2550223,-0.5391212,2.8369946,0.7342074,-0.10692349,0.058539003,-0.94018704,-0.85286343,-2.4374783,0.3562723,2.421208,-0.01269573,-0.59027416,-0.47213703,0.8857304,1.3212569,-1.461484,-1.7853713,-0.68960166,0.49412894,-0.8148949,0.11229333,-0.46398556,1.3012689,1.3156556,-0.31676936,0.66329104,0.1652542372881356
-3.2466526,-4.74676,0.15115666,-4.1302934,-0.34170416,2.5848687,6.580808,-1.8066007,3.4881282,3.367456,0.6469928,-1.1378982,1.185985,-3.2513814,-1.4380267,1.8066368,0.7474483,-0.23630646,-0.0642457,-0.6073372,-1.6152503,0.8911796,-0.16677284,0.21341482,-1.2204734,0.7877853,0.304269,-0.43707985,0.07688451,-1.091413,0.27409875,0.20566288,0.4957627118644068
-2.4412885,-2.0513606,2.6392787,-0.114603296,-4.0522904,0.89743257,-0.3867792,-1.4461577,0.5282197,3.007121,-1.6204038,-1.1574697,-2.459086,3.8189726,-0.99353755,4.560478,-0.29919833,0.30926567,2.5070126,-1.0534464,-0.98836315,-0.06389238,-2.5500832,-2.878543,2.1457887,-2.3318338,-0.30058765,-2.8828423,0.2099993,0.5242145,-0.7579975,0.93962777,0.17372881355932204
-0.2104487,-2.3104124,8.024331,-2.229992,5.8561554,2.0768907,-2.3248026,-1.8780925,2.2949991,2.9108458,-1.8944399,-0.5512258,1.2616664,2.7113554,-0.041825384,1.0950885,-3.1373873,-0.37859738,-2.2598345,2.9305341,-0.70758295,-0.6176647,0.20018438,-0.2536358,-0.9936593,-0.7505685,-0.7659835,1.3274128,1.2052958,0.70325726,-0.11898254,-0.20428276,0.5720338983050848
8.981903,0.5773568,1.1778464,0.6654243,0.21552122,1.8561932,0.4970789,-0.5366774,-0.87875086,-0.2805933,-0.929984,-0.6660321,1.9715722,0.19335917,1.7150239,-0.84464157,-1.1729476,-0.77719015,-0.2559182,-0.5509718,2.5428479,-0.057103127,-0.76797664,1.3903948,0.31865886,0.41526395,0.38666594,0.48991188,-3.334899,0.42980814,-0.53796905,4.297717,0.6398305084745762
-2.7672753,-0.63565,2.786714,-0.62011856,-5.6633663,-5.002176,-4.754836,0.6991117,4.6271353,1.2464615,-0.1621342,0.31420138,0.8420406,-2.5348623,1.2241715,0.004561782,-2.1014333,-0.9400014,-1.0973628,-2.1227226,1.3392851,1.8522242,-1.2058845,2.1156933,-0.3156539,0.061059326,-1.5372312,0.13689664,0.73467666,0.7101114,-0.124191076,-0.92764634,0.9872881355932204
6.4554257,-0.09413841,-0.755338,-1.7672052,0.9380965,0.09330872,1.5565907,-1.778188,2.101975,0.427762,-0.49169722,-1.2117362,-0.69542813,0.7991579,-0.29012758,-1.008558,0.51789176,0.5896219,-0.7277374,-0.66777515,0.004309997,1.1737717,-0.13024904,-1.2814374,0.4769296,-0.6252492,-0.31403497,-0.4676717,-0.25713122,-1.4264226,0.56895363,0.86568356,0.2669491525423729
4.8675904,0.5820632,-1.218862,-0.8761892,1.0516437,-2.2153037,0.16031769,-3.7926717,1.2026222,-2.3809705,1.0694449,0.73264503,-0.8008326,0.41009867,0.28181362,-0.17293608,0.09398022,-2.074556,0.8874994,2.2511458,-1.2215562,0.3805815,-0.07985943,0.8273308,1.0975852,-0.94819814,1.8064063,0.675887,0.6128231,1.6314142,0.78037137,-0.12373001,0.11016949152542373
6.636308,1.0858314,-0.8298652,0.39441776,1.3834327,-1.7362461,0.10068926,0.62939566,-3.6004372,2.2643366,-2.3851535,-0.7497455,1.4301116,-0.25280294,0.7033781,-1.1317381,-2.7192957,2.2677894,3.2923357,-3.2405853,-1.5461566,-2.9066563,0.75164294,3.8178487,0.800283,0.38313127,2.280847,0.2480525,-0.42175123,2.8880615,-0.6648225,-0.6164161,0.01694915254237288
-2.1271737,0.97631645,2.214386,-2.0669878,-0.65076447,-2.1211696,4.1059346,0.9668974,-1.8014331,-1.6768403,-5.121357,1.0537223,-0.6500679,0.23808329,-2.2791495,-1.9350843,-0.15897293,0.69543433,-1.1675062,0.18704072,-0.49419963,0.44099307,0.056164384,2.383571,2.2314372,-1.0533578,-0.3129259,1.4769928,-0.16994286,-0.70046127,2.1976507,1.2840059,0.15254237288135594
7.1073084,0.33686048,-1.2425398,1.1826754,0.4223374,-0.24280791,2.643544,0.6186569,-2.3731742,-1.0086383,-1.5196683,-2.8090687,-0.7993384,-2.599056,0.4539721,0.5670334,-0.48841408,-1.0754898,-1.5138336,1.8931634,-0.71470785,-0.47889775,-1.676298,0.9121437,0.6817964,0.6678919,-0.17312087,1.0922669,1.9616635,0.24722704,0.78538096,-0.9855522,0.12076271186440678
-4.88398,-6.638919,-2.4490662,-1.7959337,-1.4463156,1.6829032,4.8555284,2.2751837,1.7555962,-2.6433077,2.5488546,0.0867323,-0.6964939,2.174627,0.061979026,-1.9831465,-2.4949024,-1.0959287,-2.0818543,1.2201676,2.0889745,-0.04859698,-0.124246195,0.5153552,-0.1773026,-0.525369,0.058374807,-1.55947,-0.23999415,1.5408722,-0.13622266,-0.007582262,0.586864406779661
-4.34724,1.9367545,-0.28689635,3.7237215,-4.141213,6.6355724,-2.389439,-4.1471434,0.18136717,-2.2150738,-1.6810299,-1.0928494,-0.05532618,-0.41293687,-0.60815614,-0.37675586,-0.57895505,-0.9214457,-0.40798366,-0.35855213,-0.40537506,-1.540029,0.8169415,1.0720375,0.3338052,0.44044197,1.0203173,-0.5273829,0.013238788,0.016584568,-0.74315226,0.99616146,0.8135593220338984
-4.1154222,-6.968442,-5.5815043,-1.4969463,2.1931515,1.0734552,-1.9559617,0.6383275,-1.7839952,1.5944364,0.34849793,1.3136489,0.8758436,-1.4285225,-0.30778852,-0.651319,0.7725013,-1.0114429,0.22864796,0.38416064,1.0558671,-0.053927913,0.5799403,0.038081028,-0.24806193,-0.6604109,0.26413193,0.8797803,0.068839625,0.2159491,0.55238104,-1.0274502,0.8983050847457628
-5.113292,6.7701063,-1.1786628,-0.65209854,1.9451443,0.057402894,0.13894525,1.2018001,1.0976562,0.060956717,0.98147374,0.08045998,-0.3314197,-0.1418042,0.4764452,-0.9441595,0.513819,0.15347114,0.12631245,0.900859,-0.533358,-0.07737129,-0.5302428,0.035039723,-0.1217266,0.7852982,1.0325637,0.08849583,0.297212,-0.5192133,0.48198205,0.24361834,0.5084745762711864
-4.7003827,-6.4532375,-5.03455,0.55484086,2.005277,0.89183664,-0.43015146,0.76399577,-1.5407934,3.652021,1.0836804,2.2346573,2.025643,0.49169236,0.08680668,-0.15967101,-1.2309312,-2.2613466,-0.06866142,-2.1602073,-2.2354834,-0.5070001,-2.5065894,1.5490053,0.75941396,-1.1478001,-0.5539266,-0.7938838,-1.0862979,-0.9151287,1.2239465,0.57224846,0.18008474576271186
-3.430766,0.066180035,0.9088989,0.029126458,-0.96369094,0.007043151,-1.6158196,-0.6299453,1.8223891,0.41338667,-1.968236,1.6766253,0.91227305,0.9449799,0.043468982,2.554555,1.6373066,5.1021433,0.42044464,0.30242136,2.01134,-1.5771996,0.5767147,-1.3738115,1.8115911,1.5557079,0.081284836,-0.13830815,1.2012366,-0.12767735,4.2061033,1.7075834,0.8389830508474576
0.61231434,0.8465317,5.878309,-3.5962942,1.2503301,0.4165334,-1.0633137,0.7196364,-2.8340824,1.169439,3.1276028,0.13540393,-2.7051897,-2.1460898,0.23250714,0.006553635,-2.2856808,-0.22402598,-0.13473168,-0.5699747,-0.92133516,-0.6026747,2.1667404,0.1250768,-0.3519205,0.6462672,0.049076498,-1.9103918,1.6381058,0.24787658,0.7059417,-0.8304513,0.8559322033898306
-4.8633623,-7.384991,-6.1435356,-0.66241103,2.6505303,0.48458284,-2.2457561,0.37119836,-1.6001308,0.32770932,0.40442383,1.0317906,0.70044905,-0.6874676,-0.0422576,-0.18664676,-0.26678723,-0.95921266,1.2132013,0.66660535,-0.1308805,0.88233507,0.42251575,0.37009776,-0.23242244,-0.27285618,-1.0342462,-0.061442852,0.6256226,0.32817364,0.13786848,0.65714216,0.0423728813559322
-4.667033,-6.0369463,-3.1375442,-0.60468733,-1.6479895,0.4546493,4.374647,2.5474768,2.2926924,-3.9746423,1.7149379,-1.0338614,-1.4407709,2.4634242,1.73629,-2.0361366,-2.5497637,0.10891515,-1.8228292,0.13679422,1.7140856,0.09587749,0.31454045,-0.34491172,0.5414143,-0.3349907,1.8593098,-0.5791174,0.9424491,0.3185451,-0.27659962,-1.3152592,0.4449152542372881
-5.053461,-6.131794,-5.356188,-0.8689569,1.5729575,-0.3872888,-3.1407866,-0.84036744,-0.8339391,0.035543725,-0.32509813,0.09383834,-0.10638897,-0.9067944,-0.29284582,-0.7198347,1.0962688,0.3315482,-0.0057392344,0.54101646,-0.03717263,-0.6095165,0.20906138,-0.2616284,0.09636375,-0.41631207,0.23133595,1.3022573,-0.16678794,-0.17571159,0.011688203,-0.35377592,0.2923728813559322
6.107558,1.1192276,-0.22831637,-0.887751,-0.6167275,0.51395637,-0.6831277,-1.4616847,1.8850735,-0.71131325,-1.4573126,-1.7582889,0.8644476,0.88022125,-0.28555033,-1.3184978,0.76536155,1.1117805,2.2045302,-1.3109092,-1.4026144,-0.36301458,0.44016555,0.11669375,0.5091828,-0.092561856,0.8555092,0.86841345,-1.9346744,-0.25569415,0.17882091,-0.5925274,0.006355932203389831
5.623851,1.7175401,-1.1934631,-2.0548244,-0.44985706,-0.51537657,0.66466016,-3.4372616,-2.5641298,0.82351553,0.22678263,1.5024399,-0.45388725,0.17801438,0.56896985,-0.15681644,-0.0734909,-1.1019561,-1.3012493,-0.45998913,0.40757945,-1.3271226,-0.26410463,-0.03755922,0.054831773,0.37689704,-0.40947485,0.026937336,0.87923586,-0.66435707,-0.20761201,-1.6183977,0.9661016949152542
-0.75751776,-1.3089921,4.123341,-3.3784025,-1.9258771,-0.653991,1.4475151,0.87653524,-0.45527485,-2.596828,0.897629,-2.1724577,1.9660765,-1.2953908,2.1694255,-1.7597097,0.88429046,-0.5594369,2.2561302,0.9813024,-0.6065341,-2.7136207,2.6865387,-2.886783,-1.0813662,-2.0303397,-0.58195996,0.8603713,-0.26546815,-0.48195332,1.5540104,1.2122908,0.5508474576271186
-3.236998,-0.402272,5.1924515,-1.6771989,-5.4127445,0.42954847,-0.48100737,0.8139932,-0.86409473,0.38725322,3.9158673,5.9202976,-0.33132136,1.6737087,-0.8760164,-0.30531758,2.8662548,-0.20519562,-0.98425734,0.39273024,-2.1750388,-0.9148226,-0.66773176,2.6611028,0.312863,-0.9127165,-1.1807878,-0.5359348,-1.7457601,2.661108,1.5195291,-0.24952611,0.1038135593220339
-1.8214126,-0.9066096,8.997933,-1.3818405,4.7148933,3.3090713,-2.197741,1.9501377,-2.4580798,-0.8163795,2.2056308,-0.9555727,-1.1710635,-2.5702448,0.47219065,0.9485149,0.62777895,0.50596523,0.70445436,-1.5261772,3.4903798,1.2506213,-0.38084543,1.1275989,-0.46023238,-1.5082755,1.7580707,-1.2867297,0.38876584,-1.6934289,-0.29906523,0.30900848,0.7542372881355932
-1.5351584,-0.7790337,3.6729624,-0.6270566,-3.316399,-1.2695614,0.26080894,0.85928214,0.80022156,-0.06588681,1.1214523,0.18837444,0.46177426,-2.3248582,-0.27685368,-0.5627766,-1.4003597,-5.0594645,0.8352394,4.493815,2.049598,-1.3786477,-2.9344573,-3.3233428,3.5775452,5.583633,-2.349809,0.92089325,-2.2312617,-2.2741606,-0.5542238,0.9049597,0.19491525423728814
-4.92464,6.8129826,-1.0365821,1.2091007,1.4426664,-0.2025002,0.120107494,1.4203904,-0.73548937,-0.1963687,-0.18960017,0.76437503,-0.1612083,-0.15807869,0.84741956,1.332954,-0.23506626,-0.78918546,-0.007404655,0.202402,1.0767716,-1.0868814,0.06233102,0.32018235,-0.32380873,-0.4676097,-0.37851816,0.095536456,-0.15960553,0.29271728,0.59363306,-0.25386852,0.586864406779661
7.1730638,1.9625685,-1.3330064,-1.0823617,0.04839635,-0.100484416,0.49533266,-1.1634878,-2.150704,-0.7764045,1.4607724,1.3673401,1.2686256,-0.90973896,-0.9826647,-1.0981201,-0.42292178,1.1818953,0.73851746,-1.9912851,1.6674472,-1.0395948,0.2810928,-0.23674472,-1.1318911,0.43271214,-0.08585514,0.14004415,2.1405215,-0.9759759,-3.1061945,-0.4286005,0.046610169491525424
5.47768,0.88155913,-1.3893521,-0.9087896,0.9093088,-0.45949215,0.613582,-1.3637533,-0.2701947,-0.9463403,1.1487709,-0.8335074,-1.6708351,-0.19477113,0.058067054,-0.42706153,-0.6742154,-0.78004867,-0.4306052,0.11605255,1.0915428,-1.1111002,0.19705647,0.6470922,0.91757,0.07957935,-1.2418275,-0.4127757,-0.6404686,-2.3573918,0.4426256,-1.5548962,0.4788135593220339
-3.7147017,6.9642835,-2.3644814,-0.2578166,2.8456576,-0.13139205,-0.30426854,0.013884485,1.4807248,0.52203846,0.40817258,-0.5989867,-0.43787223,-0.4938875,0.7927109,-0.8253244,-0.37468404,0.21782477,0.72189975,0.53654146,-0.063455075,-0.1449147,-0.17391074,0.602463,0.3761689,-0.44462648,-0.830796,-1.3301526,0.6683985,1.1747664,1.0303276,-0.7871002,0.0847457627118644
-2.1931028,-0.32598945,5.6173997,-1.9466836,-5.6018295,0.18186633,0.7702824,0.4479629,-1.8575456,0.44777894,2.1559,6.2954016,0.83702624,0.22634137,-0.19670087,-0.37384313,2.0700402,-0.5861838,-1.6556169,1.8201228,-2.445075,-1.6521391,-2.1758418,1.2696147,-1.4112065,-2.4952617,-1.1362202,-2.3143978,-0.75992966,1.5640336,1.4023978,0.09930815,0.4597457627118644
6.5900874,2.2434025,-0.11115057,-1.6933336,0.9688147,-1.8556746,-2.011829,-2.8090591,-0.347363,0.7676075,0.23760587,-0.64227366,-0.8145309,0.16154602,-0.029259741,-1.4366369,-0.22175753,1.3015505,0.97686857,0.009267896,-1.3887323,-0.050129537,0.30314523,0.8651578,1.3833845,-0.594225,-0.4350534,0.04674938,0.53171533,0.35906336,-0.5086744,0.3666892,0.07203389830508475
7.4711056,-0.18428296,-1.1195967,1.0546398,-0.3280157,1.3509932,-1.3005414,3.1758165,1.6800785,-0.38825276,-0.77959776,-1.5334356,0.66625583,-0.5498845,-1.0621573,1.6953857,0.09912981,1.0145357,0.9311351,-0.4898165,-0.29795116,-0.51842386,1.571704,-0.533713,0.6858535,-1.0013957,-1.402714,-0.22744289,0.67565894,-0.08488716,0.54818386,0.44226956,0.3050847457627119
-4.923493,-5.9769955,-2.815032,-2.0928707,-0.92611593,0.8076358,3.4804416,1.5866812,2.380274,-3.422618,1.5085611,-0.70931244,-1.3511463,1.7215445,0.67313886,-1.4122015,-1.1544187,1.098546,-1.4981722,0.443972,1.8057926,-0.8381445,0.4455524,0.29389697,0.39258218,-0.43939698,0.78979194,-1.0238392,0.1470076,1.3225033,-0.54700017,0.6360471,0.5423728813559322
-2.9301798,-0.8906112,2.688757,-0.6023021,-5.5026093,-4.859558,-4.8104258,0.33279,5.0227766,1.158192,-0.6067872,0.06705959,0.38317487,-2.2685297,0.9519788,0.20235497,-1.911304,-0.5243757,-1.178749,-1.6023676,1.0861962,1.6173736,-0.88988143,1.962095,-0.03808017,0.13551225,-0.97205555,0.14006537,0.36794513,0.3766477,-0.23970374,-0.44510308,0.9491525423728814
-0.744901,-4.0771303,4.542288,14.872011,2.9912767,-0.35440034,3.2312713,-0.94722193,2.334715,1.1094967,-2.1659098,4.0858274,-1.90137,-3.753425,1.1408186,-2.9529808,-1.6456457,2.5730896,1.2518299,3.4459486,-0.7909723,1.285276,4.408507,-1.4484082,3.8884482,-0.89439934,-0.73213875,-3.2423851,-2.043995,-0.10766001,-3.8306208,-2.4264727,0.08050847457627118
