learning_rate,n_estimators,subsample,min_samples_split,max_depth,max_features,Train r2,Val r2,Test r2,Train RMSE,Val RMSE,Test RMSE,Train MAPE,Val MAPE,Test MAPE,Time,random_state,Precedence
1e-08,800.0,1.0,64.0,48.0,1.0,3e-06,-0.009,-0.048066,0.288666,0.302515,0.280447,,,,0.52,42.0,0.0
10.0,800.0,0.25,64.0,384.0,0.25,0.0,0.0,0.0,0.0,0.0,0.0,,,,0.22,42.0,1.0
1e-08,25.0,1.0,2.0,384.0,0.25,0.0,-0.009,-0.048067,0.288666,0.302516,0.280447,,,,0.17,42.0,2.0
1e-08,25.0,1.0,2.0,48.0,0.25,0.0,-0.009,-0.048067,0.288666,0.302516,0.280447,,,,0.09,42.0,3.0
0.01,800.0,0.25,2.0,3.0,1.0,0.754388,0.180927,0.026593,0.143061,0.272561,0.270273,,,,0.35,42.0,4.0
0.01,25.0,0.25,2.0,48.0,0.25,0.132842,0.014584,-0.02069,0.26881,0.298959,0.27676,,,,0.02,42.0,5.0
1e-08,25.0,1.0,64.0,384.0,1.0,0.0,-0.009,-0.048067,0.288666,0.302516,0.280447,,,,0.01,42.0,6.0
10.0,800.0,1.0,64.0,48.0,1.0,0.0,0.0,0.0,0.0,0.0,0.0,,,,0.4,42.0,7.0
0.01,25.0,0.25,64.0,3.0,1.0,-0.000111,-0.007186,-0.043322,0.288682,0.302244,0.279811,,,,0.01,42.0,8.0
10.0,25.0,0.25,2.0,3.0,0.25,-1.3427276956854873e+46,-1.248607992322145e+46,-1.5381952303515037e+46,3.344954028170791e+22,3.365233022381138e+22,3.3975163974546033e+22,,,,0.02,42.0,9.0
10.0,800.0,0.25,64.0,48.0,1.0,0.0,0.0,0.0,0.0,0.0,0.0,,,,0.24,42.0,10.0
10.0,800.0,1.0,2.0,48.0,0.25,0.0,0.0,0.0,0.0,0.0,0.0,,,,1.34,42.0,11.0
10.0,25.0,1.0,2.0,48.0,1.0,-5.1524861473855e+47,-5.354157966140619e+47,-6.3571107816238e+47,2.0720708271446397e+23,2.20367566984364e+23,2.1841663961717995e+23,,,,0.01,42.0,12.0
10.0,25.0,1.0,64.0,48.0,0.25,-5.845170157248307e+45,-7.451852272837459e+45,-3.89623347114089e+45,2.206961510125148e+22,2.599765672707362e+22,1.7099299441919041e+22,,,,0.03,42.0,13.0
0.01,25.0,1.0,64.0,384.0,0.25,0.116397,0.020357,-0.015891,0.271347,0.298082,0.276108,,,,0.02,42.0,14.0
10.0,25.0,1.0,2.0,384.0,1.0,-5.1524861473855e+47,-5.354157966140619e+47,-6.3571107816238e+47,2.0720708271446397e+23,2.20367566984364e+23,2.1841663961717995e+23,,,,0.01,42.0,15.0
0.01,25.0,0.25,2.0,48.0,1.0,0.133432,0.017678,-0.030349,0.268718,0.29849,0.278066,,,,0.01,42.0,16.0
0.01,800.0,1.0,64.0,48.0,0.25,0.930401,0.111109,0.058636,0.076155,0.28394,0.265787,,,,0.65,42.0,17.0
1e-08,25.0,1.0,64.0,3.0,0.25,0.0,-0.009,-0.048067,0.288666,0.302516,0.280447,,,,0.02,42.0,18.0
1e-08,800.0,1.0,2.0,48.0,1.0,1.6e-05,-0.008998,-0.048065,0.288664,0.302515,0.280446,,,,0.35,42.0,19.0
1e-08,800.0,0.25,2.0,48.0,0.25,5e-06,-0.008999,-0.048066,0.288666,0.302515,0.280447,,,,0.4,42.0,20.0
0.01,25.0,1.0,64.0,384.0,1.0,0.087611,0.018448,-0.02934,0.275731,0.298372,0.27793,,,,0.01,42.0,21.0
1e-08,800.0,0.25,2.0,3.0,1.0,2e-06,-0.009,-0.048066,0.288666,0.302515,0.280447,,,,0.25,42.0,22.0
0.01,25.0,0.25,64.0,48.0,1.0,-0.000111,-0.007186,-0.043322,0.288682,0.302244,0.279811,,,,0.01,42.0,23.0
1e-08,800.0,1.0,64.0,48.0,0.25,4e-06,-0.008999,-0.048065,0.288666,0.302515,0.280447,,,,0.56,42.0,24.0
10.0,800.0,0.25,2.0,384.0,0.25,0.0,0.0,0.0,0.0,0.0,0.0,,,,0.33,42.0,25.0
10.0,25.0,0.25,2.0,48.0,0.25,-1.512825749134291e+49,-1.7962024405823847e+49,-1.537362091456546e+49,1.1227695705062004e+24,1.276379227786689e+24,1.0740980181309961e+24,,,,0.01,42.0,26.0
1e-08,25.0,0.25,64.0,48.0,0.25,-0.0,-0.009,-0.048067,0.288666,0.302516,0.280447,,,,0.01,42.0,27.0
10.0,800.0,1.0,64.0,3.0,1.0,0.0,0.0,0.0,0.0,0.0,0.0,,,,0.19,42.0,28.0
0.01,25.0,0.25,64.0,384.0,1.0,-0.000111,-0.007186,-0.043322,0.288682,0.302244,0.279811,,,,0.01,42.0,29.0
10.0,25.0,1.0,64.0,384.0,1.0,-1.113276614071432e+33,-4.9348507837084065e+32,-1.0651669151377609e+33,9631584141467898.0,6690199974662699.0,8940558835488687.0,,,,0.02,42.0,30.0
10.0,800.0,0.25,2.0,384.0,1.0,0.0,0.0,0.0,0.0,0.0,0.0,,,,0.7,42.0,31.0
10.0,25.0,1.0,64.0,3.0,0.25,-7.775117783897311e+43,-2.336994187249043e+42,-3.4798800904342814e+43,2.545362656956273e+21,4.603953225924424e+20,1.6159874026131145e+21,,,,0.02,42.0,32.0
0.01,800.0,1.0,64.0,48.0,1.0,0.851529,0.109574,0.061562,0.111229,0.284185,0.265374,,,,0.34,42.0,33.0
1e-08,800.0,0.25,2.0,3.0,0.25,3e-06,-0.008999,-0.048066,0.288666,0.302515,0.280447,,,,0.42,42.0,34.0
0.01,25.0,1.0,2.0,3.0,0.25,0.130093,0.024043,-0.023262,0.269236,0.297521,0.277108,,,,0.04,42.0,35.0
10.0,25.0,0.25,2.0,3.0,1.0,-5.833670576335202e+46,-5.360087908888231e+46,-6.474936870576116e+46,6.972156556953163e+22,6.972492292839924e+22,6.970655190440069e+22,,,,0.02,42.0,36.0
1e-08,25.0,1.0,64.0,48.0,0.25,0.0,-0.009,-0.048067,0.288666,0.302516,0.280447,,,,0.03,42.0,37.0
10.0,25.0,0.25,64.0,3.0,1.0,-3.0178397239150434e+45,-2.772581731340634e+45,-3.351018829013872e+45,1.5857848531780731e+22,1.585784853178073e+22,1.585784853178073e+22,,,,0.01,42.0,38.0
1e-08,800.0,0.25,64.0,384.0,1.0,-0.0,-0.009,-0.048067,0.288666,0.302516,0.280447,,,,0.36,42.0,39.0
0.01,800.0,0.25,64.0,384.0,0.25,-1e-05,-0.009589,-0.049549,0.288668,0.302604,0.280645,,,,0.32,42.0,40.0
10.0,25.0,1.0,2.0,48.0,0.25,-5.1524861473855e+47,-5.3877518524471714e+47,-6.461856217558005e+47,2.0720708271446397e+23,2.210578180993371e+23,2.2020870170404214e+23,,,,0.05,42.0,41.0
0.01,25.0,1.0,64.0,3.0,1.0,0.056235,0.011888,-0.031361,0.280432,0.299368,0.278203,,,,0.01,42.0,42.0
10.0,25.0,0.25,64.0,384.0,1.0,-3.0178397239150434e+45,-2.772581731340634e+45,-3.351018829013872e+45,1.5857848531780731e+22,1.585784853178073e+22,1.585784853178073e+22,,,,0.01,42.0,43.0
0.01,800.0,0.25,64.0,3.0,1.0,-1e-05,-0.009589,-0.049549,0.288668,0.302604,0.280645,,,,0.22,42.0,44.0
10.0,25.0,0.25,64.0,48.0,0.25,-3.0178397239150434e+45,-2.772581731340634e+45,-3.351018829013872e+45,1.5857848531780731e+22,1.585784853178073e+22,1.585784853178073e+22,,,,0.01,42.0,45.0
1e-08,800.0,0.25,64.0,48.0,1.0,-0.0,-0.009,-0.048067,0.288666,0.302516,0.280447,,,,0.2,42.0,46.0
1e-08,800.0,1.0,64.0,384.0,0.25,4e-06,-0.008999,-0.048065,0.288666,0.302515,0.280447,,,,0.52,42.0,47.0
10.0,25.0,0.25,64.0,384.0,0.25,-3.0178397239150434e+45,-2.772581731340634e+45,-3.351018829013872e+45,1.5857848531780731e+22,1.585784853178073e+22,1.585784853178073e+22,,,,0.01,42.0,48.0
1e-08,25.0,1.0,2.0,3.0,1.0,0.0,-0.009,-0.048067,0.288666,0.302516,0.280447,,,,0.01,42.0,49.0
1e-08,25.0,0.25,64.0,48.0,1.0,-0.0,-0.009,-0.048067,0.288666,0.302516,0.280447,,,,0.01,42.0,50.0
0.01,25.0,1.0,64.0,3.0,0.25,0.095939,0.019683,-0.019893,0.27447,0.298185,0.276652,,,,0.02,42.0,51.0
0.01,25.0,1.0,64.0,48.0,0.25,0.116397,0.020357,-0.015891,0.271347,0.298082,0.276108,,,,0.02,42.0,52.0
1e-08,25.0,0.25,2.0,48.0,0.25,0.0,-0.009,-0.048067,0.288666,0.302516,0.280447,,,,0.01,42.0,53.0
1e-08,25.0,1.0,2.0,384.0,1.0,0.0,-0.009,-0.048067,0.288666,0.302516,0.280447,,,,0.02,42.0,54.0
1e-08,800.0,0.25,64.0,3.0,1.0,-0.0,-0.009,-0.048067,0.288666,0.302516,0.280447,,,,0.23,42.0,55.0
1e-08,25.0,0.25,64.0,3.0,0.25,-0.0,-0.009,-0.048067,0.288666,0.302516,0.280447,,,,0.01,42.0,56.0
0.01,800.0,1.0,2.0,384.0,0.25,0.99975,0.050673,0.0555,0.004566,0.293434,0.26623,,,,1.4,42.0,57.0
10.0,25.0,0.25,2.0,48.0,1.0,-6.929898425068208e+48,-7.48371740614942e+48,-8.604503543041732e+48,7.599055464451064e+23,8.238739601229352e+23,8.035607957103848e+23,,,,0.01,42.0,58.0
0.01,800.0,0.25,64.0,384.0,1.0,-1e-05,-0.009589,-0.049549,0.288668,0.302604,0.280645,,,,0.26,42.0,59.0
1e-08,800.0,1.0,64.0,3.0,1.0,2e-06,-0.009,-0.048066,0.288666,0.302515,0.280447,,,,0.23,42.0,60.0
1e-08,800.0,0.25,64.0,48.0,0.25,-0.0,-0.009,-0.048067,0.288666,0.302516,0.280447,,,,0.33,42.0,61.0
0.01,25.0,0.25,2.0,384.0,1.0,0.133432,0.017678,-0.030349,0.268718,0.29849,0.278066,,,,0.01,42.0,62.0
0.01,25.0,0.25,2.0,384.0,0.25,0.132842,0.014584,-0.02069,0.26881,0.298959,0.27676,,,,0.02,42.0,63.0
10.0,800.0,0.25,2.0,3.0,1.0,0.0,0.0,0.0,0.0,0.0,0.0,,,,0.23,42.0,64.0
10.0,800.0,1.0,64.0,384.0,1.0,0.0,0.0,0.0,0.0,0.0,0.0,,,,0.32,42.0,65.0
0.01,800.0,0.25,2.0,384.0,1.0,0.975022,0.156494,0.009883,0.045622,0.276596,0.272583,,,,0.21,42.0,66.0
1e-08,25.0,0.25,64.0,384.0,0.25,-0.0,-0.009,-0.048067,0.288666,0.302516,0.280447,,,,0.01,42.0,67.0
10.0,25.0,1.0,64.0,384.0,0.25,-5.845170157248307e+45,-7.451852272837459e+45,-3.89623347114089e+45,2.206961510125148e+22,2.599765672707362e+22,1.7099299441919041e+22,,,,0.03,42.0,68.0
1e-08,800.0,1.0,2.0,48.0,0.25,1.6e-05,-0.008998,-0.048064,0.288664,0.302515,0.280446,,,,1.08,42.0,69.0
10.0,25.0,0.25,2.0,384.0,1.0,-6.929898425068208e+48,-7.48371740614942e+48,-8.604503543041732e+48,7.599055464451064e+23,8.238739601229352e+23,8.035607957103848e+23,,,,0.01,42.0,70.0
1e-08,25.0,0.25,2.0,384.0,0.25,0.0,-0.009,-0.048067,0.288666,0.302516,0.280447,,,,0.01,42.0,71.0
10.0,25.0,1.0,2.0,3.0,1.0,-3.9199604687966446e+40,-2.1500053629893774e+38,-2.569282239053059e+38,5.71527357245684e+19,4.415926723816565e+18,4.390982827294546e+18,,,,0.01,42.0,72.0
1e-08,800.0,0.25,2.0,384.0,1.0,5e-06,-0.008999,-0.048066,0.288666,0.302515,0.280447,,,,0.24,42.0,73.0
1e-08,800.0,1.0,2.0,384.0,1.0,1.6e-05,-0.008998,-0.048065,0.288664,0.302515,0.280446,,,,0.55,42.0,74.0
0.01,25.0,0.25,64.0,384.0,0.25,-0.000111,-0.007186,-0.043322,0.288682,0.302244,0.279811,,,,0.01,42.0,75.0
1e-08,800.0,1.0,2.0,3.0,0.25,4e-06,-0.008999,-0.048066,0.288666,0.302515,0.280447,,,,0.47,42.0,76.0
0.01,800.0,1.0,64.0,3.0,1.0,0.710623,0.118483,0.081282,0.155285,0.28276,0.262571,,,,0.19,42.0,77.0
1e-08,800.0,0.25,64.0,3.0,0.25,-0.0,-0.009,-0.048067,0.288666,0.302516,0.280447,,,,0.21,42.0,78.0
10.0,25.0,0.25,64.0,3.0,0.25,-3.0178397239150434e+45,-2.772581731340634e+45,-3.351018829013872e+45,1.5857848531780731e+22,1.585784853178073e+22,1.585784853178073e+22,,,,0.03,42.0,79.0
1e-08,800.0,1.0,2.0,3.0,1.0,3e-06,-0.009,-0.048066,0.288666,0.302515,0.280447,,,,0.44,42.0,80.0
1e-08,800.0,0.25,64.0,384.0,0.25,-0.0,-0.009,-0.048067,0.288666,0.302516,0.280447,,,,0.23,42.0,81.0
0.01,800.0,0.25,2.0,48.0,1.0,0.975022,0.156494,0.009883,0.045622,0.276596,0.272583,,,,0.26,42.0,82.0
1e-08,800.0,1.0,64.0,3.0,0.25,3e-06,-0.008999,-0.048066,0.288666,0.302515,0.280447,,,,0.42,42.0,83.0
10.0,800.0,0.25,64.0,3.0,1.0,0.0,0.0,0.0,0.0,0.0,0.0,,,,0.17,42.0,84.0
10.0,25.0,1.0,2.0,3.0,0.25,-3.692216355639447e+46,-3.7702754712910345e+46,-1.3243616382218852e+45,5.546764799189291e+22,5.847747715851555e+22,9.969172882238883e+21,,,,0.02,42.0,85.0
10.0,800.0,1.0,64.0,384.0,0.25,0.0,0.0,0.0,0.0,0.0,0.0,,,,1.73,42.0,86.0
10.0,800.0,0.25,64.0,3.0,0.25,0.0,0.0,0.0,0.0,0.0,0.0,,,,0.17,42.0,87.0
10.0,25.0,0.25,64.0,48.0,1.0,-3.0178397239150434e+45,-2.772581731340634e+45,-3.351018829013872e+45,1.5857848531780731e+22,1.585784853178073e+22,1.585784853178073e+22,,,,0.01,42.0,88.0
0.01,800.0,0.25,64.0,48.0,1.0,-1e-05,-0.009589,-0.049549,0.288668,0.302604,0.280645,,,,0.2,42.0,89.0
0.01,25.0,1.0,64.0,48.0,1.0,0.087611,0.018448,-0.02934,0.275731,0.298372,0.27793,,,,0.01,42.0,90.0
0.01,800.0,1.0,2.0,3.0,1.0,0.847417,0.104737,0.091746,0.112759,0.284956,0.261072,,,,0.21,42.0,91.0
1e-08,25.0,1.0,64.0,384.0,0.25,0.0,-0.009,-0.048067,0.288666,0.302516,0.280447,,,,0.02,42.0,92.0
0.01,800.0,0.25,2.0,384.0,0.25,0.966898,0.108586,-0.040365,0.05252,0.284342,0.279414,,,,0.33,42.0,93.0
0.01,800.0,1.0,2.0,48.0,1.0,0.99975,0.143634,-0.005107,0.004566,0.278697,0.274639,,,,0.32,42.0,94.0
0.01,25.0,0.25,64.0,48.0,0.25,-0.000111,-0.007186,-0.043322,0.288682,0.302244,0.279811,,,,0.01,42.0,95.0
10.0,800.0,1.0,64.0,3.0,0.25,0.0,0.0,0.0,0.0,0.0,0.0,,,,0.36,42.0,96.0
10.0,800.0,0.25,64.0,384.0,1.0,0.0,0.0,0.0,0.0,0.0,0.0,,,,0.2,42.0,97.0
10.0,25.0,1.0,64.0,48.0,1.0,-1.113276614071432e+33,-4.9348507837084065e+32,-1.0651669151377609e+33,9631584141467898.0,6690199974662699.0,8940558835488687.0,,,,0.01,42.0,98.0
1e-08,25.0,0.25,64.0,384.0,1.0,-0.0,-0.009,-0.048067,0.288666,0.302516,0.280447,,,,0.01,42.0,99.0
0.01,800.0,1.0,64.0,3.0,0.25,0.816323,0.137323,0.072197,0.123715,0.279722,0.263866,,,,0.47,42.0,100.0
1e-08,800.0,0.25,2.0,48.0,1.0,5e-06,-0.008999,-0.048066,0.288666,0.302515,0.280447,,,,0.24,42.0,101.0
0.01,800.0,0.25,64.0,48.0,0.25,-1e-05,-0.009589,-0.049549,0.288668,0.302604,0.280645,,,,0.19,42.0,102.0
10.0,25.0,0.25,2.0,384.0,0.25,-1.512825749134291e+49,-1.7962024405823847e+49,-1.537362091456546e+49,1.1227695705062004e+24,1.276379227786689e+24,1.0740980181309961e+24,,,,0.01,42.0,103.0
10.0,800.0,0.25,2.0,48.0,1.0,0.0,0.0,0.0,0.0,0.0,0.0,,,,0.22,42.0,104.0
1e-08,25.0,1.0,64.0,3.0,1.0,0.0,-0.009,-0.048067,0.288666,0.302516,0.280447,,,,0.01,42.0,105.0
1e-08,25.0,0.25,2.0,48.0,1.0,0.0,-0.009,-0.048067,0.288666,0.302516,0.280447,,,,0.01,42.0,106.0
10.0,800.0,0.25,2.0,48.0,0.25,0.0,0.0,0.0,0.0,0.0,0.0,,,,0.32,42.0,107.0
0.01,25.0,1.0,2.0,3.0,1.0,0.080772,0.014842,-0.032002,0.276763,0.29892,0.278289,,,,0.01,42.0,108.0
0.01,800.0,0.25,2.0,48.0,0.25,0.966898,0.108586,-0.040365,0.05252,0.284342,0.279414,,,,0.32,42.0,109.0
1e-08,25.0,0.25,2.0,3.0,0.25,0.0,-0.009,-0.048067,0.288666,0.302516,0.280447,,,,0.01,42.0,110.0
0.01,800.0,0.25,2.0,3.0,0.25,0.867407,0.128117,-0.014171,0.105113,0.28121,0.275874,,,,0.24,42.0,111.0
0.01,25.0,1.0,2.0,384.0,1.0,0.394895,0.0391,-0.022764,0.224549,0.295217,0.277041,,,,0.01,42.0,112.0
10.0,800.0,1.0,2.0,3.0,1.0,0.0,0.0,0.0,0.0,0.0,0.0,,,,0.17,42.0,113.0
0.01,800.0,0.25,64.0,3.0,0.25,-1e-05,-0.009589,-0.049549,0.288668,0.302604,0.280645,,,,0.38,42.0,114.0
1e-08,800.0,1.0,64.0,384.0,1.0,3e-06,-0.009,-0.048066,0.288666,0.302515,0.280447,,,,0.22,42.0,115.0
1e-08,800.0,1.0,2.0,384.0,0.25,1.6e-05,-0.008998,-0.048064,0.288664,0.302515,0.280446,,,,1.01,42.0,116.0
10.0,800.0,1.0,2.0,48.0,1.0,0.0,0.0,0.0,0.0,0.0,0.0,,,,0.3,42.0,117.0
0.01,800.0,1.0,2.0,48.0,0.25,0.99975,0.050673,0.0555,0.004566,0.293434,0.26623,,,,1.07,42.0,118.0
0.01,25.0,1.0,2.0,48.0,0.25,0.394895,0.040795,0.018644,0.224549,0.294956,0.271375,,,,0.03,42.0,119.0
0.01,800.0,1.0,2.0,384.0,1.0,0.99975,0.143634,-0.005107,0.004566,0.278697,0.274639,,,,0.32,42.0,120.0
0.01,25.0,0.25,64.0,3.0,0.25,-0.000111,-0.007186,-0.043322,0.288682,0.302244,0.279811,,,,0.01,42.0,121.0
0.01,25.0,0.25,2.0,3.0,1.0,0.059258,0.014055,-0.038236,0.279983,0.299039,0.279128,,,,0.01,42.0,122.0
0.01,25.0,1.0,2.0,384.0,0.25,0.394895,0.040795,0.018644,0.224549,0.294956,0.271375,,,,0.03,42.0,123.0
10.0,800.0,1.0,2.0,3.0,0.25,0.0,0.0,0.0,0.0,0.0,0.0,,,,0.34,42.0,124.0
1e-08,25.0,0.25,2.0,384.0,1.0,0.0,-0.009,-0.048067,0.288666,0.302516,0.280447,,,,0.01,42.0,125.0
1e-08,25.0,1.0,2.0,3.0,0.25,0.0,-0.009,-0.048067,0.288666,0.302516,0.280447,,,,0.02,42.0,126.0
1e-08,25.0,0.25,2.0,3.0,1.0,0.0,-0.009,-0.048067,0.288666,0.302516,0.280447,,,,0.01,42.0,127.0
10.0,800.0,1.0,2.0,384.0,0.25,0.0,0.0,0.0,0.0,0.0,0.0,,,,2.12,42.0,128.0
0.01,800.0,1.0,64.0,384.0,1.0,0.851529,0.109574,0.061562,0.111229,0.284185,0.265374,,,,0.21,42.0,129.0
10.0,25.0,1.0,2.0,384.0,0.25,-5.1524861473855e+47,-5.3877518524471714e+47,-6.461856217558005e+47,2.0720708271446397e+23,2.210578180993371e+23,2.2020870170404214e+23,,,,0.03,42.0,130.0
0.01,25.0,0.25,2.0,3.0,0.25,0.091491,0.017709,-0.00992,0.275144,0.298485,0.275296,,,,0.01,42.0,131.0
10.0,800.0,1.0,2.0,384.0,1.0,0.0,0.0,0.0,0.0,0.0,0.0,,,,0.38,42.0,132.0
1e-08,25.0,1.0,2.0,48.0,1.0,0.0,-0.009,-0.048067,0.288666,0.302516,0.280447,,,,0.01,42.0,133.0
10.0,800.0,0.25,2.0,3.0,0.25,0.0,0.0,0.0,0.0,0.0,0.0,,,,0.21,42.0,134.0
0.01,25.0,1.0,2.0,48.0,1.0,0.394895,0.0391,-0.022764,0.224549,0.295217,0.277041,,,,0.01,42.0,135.0
10.0,800.0,1.0,64.0,48.0,0.25,0.0,0.0,0.0,0.0,0.0,0.0,,,,1.13,42.0,136.0
1e-08,800.0,0.25,2.0,384.0,0.25,5e-06,-0.008999,-0.048066,0.288666,0.302515,0.280447,,,,0.31,42.0,137.0
10.0,25.0,1.0,64.0,3.0,1.0,-1.0663024294362495e+29,-9.313839415880086e+28,-1.488507588859298e+29,94261941198359.81,91910781649676.67,105689381853327.22,,,,0.01,42.0,138.0
1e-08,25.0,1.0,64.0,48.0,1.0,0.0,-0.009,-0.048067,0.288666,0.302516,0.280447,,,,0.01,42.0,139.0
1e-08,25.0,0.25,64.0,3.0,1.0,-0.0,-0.009,-0.048067,0.288666,0.302516,0.280447,,,,0.01,42.0,140.0
0.01,800.0,1.0,2.0,3.0,0.25,0.926405,0.100505,0.0364,0.078311,0.285628,0.268908,,,,0.49,42.0,141.0
0.01,200.0,0.7,16.0,48.0,0.7,0.847884,0.127695,0.048462,0.112586,0.281278,0.26722,,,,0.33,42.0,142.0
0.01,800.0,1.0,64.0,384.0,0.25,0.930401,0.111109,0.058636,0.076155,0.28394,0.265787,,,,0.56,42.0,143.0
10.0,800.0,0.25,64.0,48.0,0.25,0.0,0.0,0.0,0.0,0.0,0.0,,,,0.17,42.0,144.0
0.0001,200.0,0.7,16.0,48.0,0.7,0.020882,-0.00428,-0.043998,0.285636,0.301807,0.279902,,,,0.27,42.0,145.0
0.1,200.0,0.7,16.0,48.0,0.7,0.999745,0.073271,-0.141379,0.004611,0.28992,0.292665,,,,0.42,42.0,146.0
0.01,100.0,0.7,16.0,48.0,0.7,0.631187,0.123456,0.048763,0.175307,0.281961,0.267178,,,,0.14,42.0,147.0
0.01,400.0,0.7,16.0,48.0,0.7,0.970029,0.12864,0.049828,0.049974,0.281126,0.267028,,,,0.69,42.0,148.0
0.01,200.0,0.55,16.0,48.0,0.7,0.770312,0.133201,0.089197,0.138346,0.280389,0.261438,,,,0.21,42.0,149.0
0.01,200.0,0.85,16.0,48.0,0.7,0.896833,0.111964,0.046987,0.092718,0.283803,0.267427,,,,0.36,42.0,150.0
0.01,200.0,0.7,8.0,48.0,0.7,0.915032,0.119564,0.066744,0.084144,0.282586,0.26464,,,,0.32,42.0,151.0
0.01,200.0,0.7,32.0,48.0,0.7,0.690027,0.125064,0.063572,0.160716,0.281702,0.26509,,,,0.23,42.0,152.0
0.01,200.0,0.7,16.0,24.0,0.7,0.847884,0.127695,0.048462,0.112586,0.281278,0.26722,,,,0.28,42.0,153.0
0.01,200.0,0.7,16.0,96.0,0.7,0.847884,0.127695,0.048462,0.112586,0.281278,0.26722,,,,0.28,42.0,154.0
0.01,200.0,0.7,16.0,48.0,0.55,0.841844,0.101178,0.040134,0.114799,0.285522,0.268387,,,,0.23,42.0,155.0
0.01,200.0,0.7,16.0,48.0,0.85,0.846761,0.099977,0.047032,0.113001,0.285712,0.267421,,,,0.33,42.0,156.0
0.0001,100.0,0.7,16.0,48.0,0.7,0.010473,-0.006377,-0.04561,0.287151,0.302122,0.280118,,,,0.14,42.0,157.0
0.1,100.0,0.7,16.0,48.0,0.7,0.999481,0.075042,-0.136231,0.006575,0.289643,0.292004,,,,0.22,42.0,158.0
0.01,50.0,0.7,16.0,48.0,0.7,0.398947,0.086082,0.022364,0.223796,0.287909,0.27086,,,,0.08,42.0,159.0
0.01,100.0,0.55,16.0,48.0,0.7,0.532436,0.105498,0.06459,0.197386,0.284835,0.264946,,,,0.11,42.0,160.0
0.01,100.0,0.85,16.0,48.0,0.7,0.690277,0.114323,0.031817,0.160651,0.283426,0.269547,,,,0.19,42.0,161.0
0.01,100.0,0.7,8.0,48.0,0.7,0.72049,0.113888,0.071271,0.152614,0.283496,0.263998,,,,0.25,42.0,162.0
0.01,100.0,0.7,32.0,48.0,0.7,0.475762,0.090169,0.053505,0.209007,0.287265,0.266511,,,,0.12,42.0,163.0
0.01,100.0,0.7,16.0,24.0,0.7,0.631187,0.123456,0.048763,0.175307,0.281961,0.267178,,,,0.14,42.0,164.0
0.01,100.0,0.7,16.0,96.0,0.7,0.631187,0.123456,0.048763,0.175307,0.281961,0.267178,,,,0.14,42.0,165.0
0.01,100.0,0.7,16.0,48.0,0.55,0.618384,0.091562,0.029095,0.178324,0.287045,0.269926,,,,0.12,42.0,166.0
0.01,100.0,0.7,16.0,48.0,0.85,0.625736,0.0909,0.035003,0.176598,0.287149,0.269103,,,,0.16,42.0,167.0
0.0001,400.0,0.7,16.0,48.0,0.7,0.041372,0.000501,-0.040012,0.282632,0.301088,0.279367,,,,0.55,42.0,168.0
0.1,400.0,0.7,16.0,48.0,0.7,0.999745,0.074173,-0.140816,0.004613,0.289779,0.292593,,,,1.02,42.0,169.0
0.01,800.0,0.7,16.0,48.0,0.7,0.998274,0.137553,0.043636,0.011993,0.279685,0.267897,,,,1.25,42.0,170.0
0.01,400.0,0.55,16.0,48.0,0.7,0.933008,0.156542,0.084158,0.074715,0.276588,0.26216,,,,0.47,42.0,171.0
0.01,400.0,0.85,16.0,48.0,0.7,0.986739,0.112866,0.032201,0.033242,0.283659,0.269494,,,,0.78,42.0,172.0
0.01,400.0,0.7,8.0,48.0,0.7,0.990903,0.115242,0.056179,0.027532,0.283279,0.266134,,,,0.74,42.0,173.0
0.01,400.0,0.7,32.0,48.0,0.7,0.883688,0.130792,0.074311,0.098448,0.280779,0.263565,,,,0.56,42.0,174.0
0.01,400.0,0.7,16.0,24.0,0.7,0.970029,0.12864,0.049828,0.049974,0.281126,0.267028,,,,0.62,42.0,175.0
0.01,400.0,0.7,16.0,96.0,0.7,0.970029,0.12864,0.049828,0.049974,0.281126,0.267028,,,,0.61,42.0,176.0
0.01,400.0,0.7,16.0,48.0,0.55,0.96856,0.108084,0.013787,0.051184,0.284423,0.272045,,,,0.51,42.0,177.0
0.01,400.0,0.7,16.0,48.0,0.85,0.97043,0.115249,0.030426,0.049639,0.283278,0.269741,,,,0.72,42.0,178.0
0.0001,200.0,0.55,16.0,48.0,0.7,0.016522,-0.004605,-0.044506,0.286272,0.301856,0.27997,,,,0.22,42.0,179.0
0.1,200.0,0.55,16.0,48.0,0.7,0.999704,0.08225,-0.021591,0.004969,0.288512,0.276882,,,,0.76,42.0,180.0
0.01,200.0,0.4,16.0,48.0,0.7,0.656718,0.08178,0.039557,0.16913,0.288586,0.268467,,,,0.39,42.0,181.0
0.01,200.0,0.55,8.0,48.0,0.7,0.856312,0.085888,0.072924,0.109423,0.28794,0.263763,,,,0.56,42.0,182.0
0.01,200.0,0.55,32.0,48.0,0.7,0.586893,0.110386,0.057613,0.185536,0.284055,0.265932,,,,0.2,42.0,183.0
0.01,200.0,0.55,16.0,24.0,0.7,0.770312,0.133201,0.089197,0.138346,0.280389,0.261438,,,,0.24,42.0,184.0
0.01,200.0,0.55,16.0,96.0,0.7,0.770312,0.133201,0.089197,0.138346,0.280389,0.261438,,,,0.26,42.0,185.0
0.01,200.0,0.55,16.0,48.0,0.55,0.764285,0.099602,0.074586,0.140149,0.285772,0.263526,,,,0.21,42.0,186.0
0.01,200.0,0.55,16.0,48.0,0.85,0.773325,0.105545,0.048276,0.137435,0.284827,0.267246,,,,0.26,42.0,187.0
0.0001,200.0,0.7,32.0,48.0,0.7,0.013674,-0.004871,-0.045124,0.286686,0.301896,0.280053,,,,0.25,42.0,188.0
0.1,200.0,0.7,32.0,48.0,0.7,0.99951,0.051104,-0.05912,0.006392,0.293367,0.281922,,,,0.31,42.0,189.0
0.01,200.0,0.85,32.0,48.0,0.7,0.765991,0.120217,0.03323,0.139641,0.282481,0.26935,,,,0.32,42.0,190.0
0.01,200.0,0.7,64.0,48.0,0.7,0.41193,0.089596,0.03216,0.221366,0.287355,0.269499,,,,0.18,42.0,191.0
0.01,200.0,0.7,32.0,24.0,0.7,0.690027,0.125064,0.063572,0.160716,0.281702,0.26509,,,,0.27,42.0,192.0
0.01,200.0,0.7,32.0,96.0,0.7,0.690027,0.125064,0.063572,0.160716,0.281702,0.26509,,,,0.24,42.0,193.0
0.01,200.0,0.7,32.0,48.0,0.55,0.680193,0.119866,0.058518,0.163245,0.282538,0.265804,,,,0.19,42.0,194.0
0.01,200.0,0.7,32.0,48.0,0.85,0.69271,0.123756,0.042669,0.160019,0.281913,0.268032,,,,0.29,42.0,195.0
0.0001,200.0,0.7,16.0,24.0,0.7,0.020882,-0.00428,-0.043998,0.285636,0.301807,0.279902,,,,0.31,42.0,196.0
0.1,200.0,0.7,16.0,24.0,0.7,0.999745,0.073271,-0.141379,0.004611,0.28992,0.292665,,,,0.65,42.0,197.0
0.01,200.0,0.85,16.0,24.0,0.7,0.896833,0.111964,0.046987,0.092718,0.283803,0.267427,,,,0.46,42.0,198.0
0.01,200.0,0.7,8.0,24.0,0.7,0.915032,0.119564,0.066744,0.084144,0.282586,0.26464,,,,0.36,42.0,199.0
0.01,200.0,0.7,16.0,12.0,0.7,0.848863,0.123488,0.039257,0.112223,0.281956,0.268509,,,,0.29,42.0,200.0
0.01,200.0,0.7,16.0,24.0,0.55,0.841844,0.101178,0.040134,0.114799,0.285522,0.268387,,,,0.24,42.0,201.0
0.01,200.0,0.7,16.0,24.0,0.85,0.846761,0.099977,0.047032,0.113001,0.285712,0.267421,,,,0.33,42.0,202.0
0.0001,200.0,0.7,16.0,96.0,0.7,0.020882,-0.00428,-0.043998,0.285636,0.301807,0.279902,,,,0.27,42.0,203.0
0.1,200.0,0.7,16.0,96.0,0.7,0.999745,0.073271,-0.141379,0.004611,0.28992,0.292665,,,,0.41,42.0,204.0
0.01,200.0,0.85,16.0,96.0,0.7,0.896833,0.111964,0.046987,0.092718,0.283803,0.267427,,,,0.77,42.0,205.0
0.01,200.0,0.7,8.0,96.0,0.7,0.915032,0.119564,0.066744,0.084144,0.282586,0.26464,,,,0.5,42.0,206.0
0.01,200.0,0.7,16.0,192.0,0.7,0.847884,0.127695,0.048462,0.112586,0.281278,0.26722,,,,0.42,42.0,207.0
0.01,200.0,0.7,16.0,96.0,0.55,0.841844,0.101178,0.040134,0.114799,0.285522,0.268387,,,,0.24,42.0,208.0
0.01,200.0,0.7,16.0,96.0,0.85,0.846761,0.099977,0.047032,0.113001,0.285712,0.267421,,,,0.34,42.0,209.0
0.0001,800.0,0.25,2.0,3.0,1.0,0.019916,-0.00365,-0.043715,0.285777,0.301712,0.279864,,,,0.21,42.0,210.0
0.1,800.0,0.25,2.0,3.0,1.0,0.999234,-0.041984,-0.32065,0.007991,0.30742,0.314811,,,,0.61,42.0,211.0
0.01,400.0,0.25,2.0,3.0,1.0,0.542424,0.117151,0.042549,0.195267,0.282973,0.268049,,,,0.28,42.0,212.0
0.01,800.0,0.4,2.0,3.0,1.0,0.796017,0.185132,0.071257,0.130375,0.27186,0.264,,,,0.51,42.0,213.0
0.01,800.0,0.25,4.0,3.0,1.0,0.748928,0.148305,0.031018,0.144642,0.277936,0.269658,,,,0.34,42.0,214.0
0.01,800.0,0.25,2.0,6.0,1.0,0.946936,0.121023,0.007131,0.066496,0.282352,0.272962,,,,0.24,42.0,215.0
0.01,800.0,0.25,2.0,3.0,0.85,0.890052,0.114406,0.009792,0.095717,0.283413,0.272596,,,,0.4,42.0,216.0
0.0001,800.0,0.4,2.0,3.0,1.0,0.022438,-0.004066,-0.04356,0.285409,0.301775,0.279843,,,,0.2,42.0,217.0
0.1,800.0,0.4,2.0,3.0,1.0,0.999635,0.081902,-0.019998,0.005513,0.288567,0.276666,,,,0.23,42.0,218.0
0.01,400.0,0.4,2.0,3.0,1.0,0.594471,0.153987,0.054099,0.183826,0.277007,0.266427,,,,0.21,42.0,219.0
0.01,800.0,0.55,2.0,3.0,1.0,0.822854,0.126497,0.076319,0.121496,0.281471,0.263279,,,,0.42,42.0,220.0
0.01,800.0,0.4,4.0,3.0,1.0,0.787222,0.180847,0.044346,0.133156,0.272574,0.267797,,,,0.21,42.0,221.0
0.01,800.0,0.4,2.0,6.0,1.0,0.981129,0.107232,0.032205,0.039655,0.284558,0.269493,,,,0.26,42.0,222.0
0.01,800.0,0.4,2.0,3.0,0.85,0.935208,0.081841,-0.008308,0.073478,0.288577,0.275076,,,,0.83,42.0,223.0
0.0001,800.0,1.0,64.0,384.0,0.25,0.040563,0.003081,-0.036842,0.282751,0.300699,0.278941,,,,0.5,42.0,224.0
0.1,800.0,1.0,64.0,384.0,0.25,0.99975,0.052257,-0.079393,0.004565,0.293189,0.284607,,,,0.62,42.0,225.0
0.01,400.0,1.0,64.0,384.0,0.25,0.777254,0.116974,0.059722,0.136239,0.283002,0.265634,,,,0.27,42.0,226.0
0.01,800.0,0.85,64.0,384.0,0.25,0.877981,0.107389,0.071962,0.100835,0.284533,0.2639,,,,0.69,42.0,227.0
0.01,800.0,1.0,32.0,384.0,0.25,0.994864,0.071561,0.01212,0.020688,0.290188,0.272275,,,,1.18,42.0,228.0
0.01,800.0,1.0,64.0,192.0,0.25,0.930401,0.111109,0.058636,0.076155,0.28394,0.265787,,,,0.54,42.0,229.0
0.01,800.0,1.0,64.0,384.0,0.4,0.943083,0.128757,0.042589,0.068868,0.281107,0.268043,,,,0.79,42.0,230.0
0.0001,400.0,1.0,64.0,384.0,0.25,0.020264,-0.002954,-0.042361,0.285727,0.301608,0.279682,,,,0.23,42.0,231.0
0.1,400.0,1.0,64.0,384.0,0.25,0.99971,0.053266,-0.077073,0.004913,0.293033,0.284301,,,,0.28,42.0,232.0
0.01,200.0,1.0,64.0,384.0,0.25,0.567106,0.105674,0.054302,0.189927,0.284807,0.266399,,,,0.12,42.0,233.0
0.01,400.0,0.85,64.0,384.0,0.25,0.702906,0.126047,0.075803,0.157342,0.281544,0.263353,,,,0.22,42.0,234.0
0.01,400.0,1.0,32.0,384.0,0.25,0.947688,0.078351,0.024966,0.066023,0.289125,0.270499,,,,0.33,42.0,235.0
0.01,400.0,1.0,64.0,192.0,0.25,0.777254,0.116974,0.059722,0.136239,0.283002,0.265634,,,,0.26,42.0,236.0
0.01,400.0,1.0,64.0,384.0,0.4,0.788143,0.121604,0.046767,0.132867,0.282259,0.267458,,,,0.37,42.0,237.0
0.0001,800.0,0.85,64.0,384.0,0.25,0.032061,0.001084,-0.041003,0.284001,0.301,0.2795,,,,0.41,42.0,238.0
0.1,800.0,0.85,64.0,384.0,0.25,0.999749,0.079311,0.049797,0.004577,0.288974,0.267032,,,,0.48,42.0,239.0
0.01,800.0,0.7,64.0,384.0,0.25,0.787814,0.105165,0.064434,0.13297,0.284888,0.264968,,,,0.36,42.0,240.0
0.01,800.0,0.85,32.0,384.0,0.25,0.987315,0.091812,0.031083,0.032511,0.287005,0.269649,,,,0.58,42.0,241.0
0.01,800.0,0.85,64.0,192.0,0.25,0.877981,0.107389,0.071962,0.100835,0.284533,0.2639,,,,0.44,42.0,242.0
0.01,800.0,0.85,64.0,384.0,0.4,0.891789,0.126839,0.050201,0.094958,0.281416,0.266976,,,,0.6,42.0,243.0
0.0001,800.0,1.0,64.0,192.0,0.25,0.040563,0.003081,-0.036842,0.282751,0.300699,0.278941,,,,0.48,42.0,244.0
0.1,800.0,1.0,64.0,192.0,0.25,0.99975,0.052257,-0.079393,0.004565,0.293189,0.284607,,,,0.57,42.0,245.0
0.01,800.0,1.0,32.0,192.0,0.25,0.994864,0.071561,0.01212,0.020688,0.290188,0.272275,,,,0.69,42.0,246.0
0.01,800.0,1.0,64.0,96.0,0.25,0.930401,0.111109,0.058636,0.076155,0.28394,0.265787,,,,0.54,42.0,247.0
0.01,800.0,1.0,64.0,192.0,0.4,0.943083,0.128757,0.042589,0.068868,0.281107,0.268043,,,,0.83,42.0,248.0
0.0001,800.0,1.0,64.0,384.0,0.4,0.042761,0.00132,-0.035978,0.282427,0.300965,0.278825,,,,0.69,42.0,249.0
0.1,800.0,1.0,64.0,384.0,0.4,0.99975,0.092618,-0.021478,0.004565,0.286878,0.276867,,,,0.83,42.0,250.0
0.01,800.0,1.0,32.0,384.0,0.4,0.996213,0.02124,0.001629,0.017763,0.297948,0.273717,,,,1.16,42.0,251.0
0.01,800.0,1.0,64.0,384.0,0.55,0.949394,0.110852,0.029554,0.064938,0.283981,0.269862,,,,1.16,42.0,252.0
0.0001,800.0,1.0,64.0,384.0,1.0,0.02736,-0.001258,-0.042663,0.28469,0.301353,0.279723,,,,0.19,42.0,253.0
0.1,800.0,1.0,64.0,384.0,1.0,0.999698,0.044886,-0.000868,0.005016,0.294327,0.274059,,,,0.2,42.0,254.0
0.01,400.0,1.0,64.0,384.0,1.0,0.666607,0.124563,0.060124,0.166676,0.281783,0.265577,,,,0.11,42.0,255.0
0.01,800.0,0.85,64.0,384.0,1.0,0.791727,0.131092,0.06862,0.131739,0.28073,0.264374,,,,0.52,42.0,256.0
0.01,800.0,1.0,32.0,384.0,1.0,0.975923,0.14033,0.029008,0.044791,0.279234,0.269938,,,,0.27,42.0,257.0
0.01,800.0,1.0,64.0,192.0,1.0,0.851529,0.109574,0.061562,0.111229,0.284185,0.265374,,,,0.22,42.0,258.0
0.01,800.0,1.0,64.0,384.0,0.85,0.958935,0.088494,-0.009835,0.058497,0.287529,0.275284,,,,1.59,42.0,259.0
0.0001,400.0,1.0,64.0,384.0,1.0,0.013928,-0.005057,-0.045158,0.286649,0.301924,0.280057,,,,0.1,42.0,260.0
0.1,400.0,1.0,64.0,384.0,1.0,0.998112,0.051268,0.007065,0.012543,0.293342,0.272971,,,,0.1,42.0,261.0
0.01,200.0,1.0,64.0,384.0,1.0,0.456762,0.10456,0.035935,0.212761,0.284984,0.268973,,,,0.05,42.0,262.0
0.01,400.0,0.85,64.0,384.0,1.0,0.585143,0.135919,0.049559,0.185928,0.279949,0.267066,,,,0.11,42.0,263.0
0.01,400.0,1.0,32.0,384.0,1.0,0.874553,0.15729,0.026959,0.102241,0.276466,0.270222,,,,0.13,42.0,264.0
0.01,400.0,1.0,64.0,192.0,1.0,0.666607,0.124563,0.060124,0.166676,0.281783,0.265577,,,,0.11,42.0,265.0
0.01,400.0,1.0,64.0,384.0,0.85,0.827151,0.084154,0.012984,0.120013,0.288213,0.272156,,,,0.74,42.0,266.0
0.0001,800.0,0.85,64.0,384.0,1.0,0.022517,-0.00276,-0.043139,0.285398,0.301579,0.279787,,,,0.24,42.0,267.0
0.1,800.0,0.85,64.0,384.0,1.0,0.999393,0.081737,0.017119,0.007111,0.288593,0.271585,,,,0.24,42.0,268.0
0.01,800.0,0.7,64.0,384.0,1.0,0.716044,0.14377,0.096463,0.153823,0.278675,0.260393,,,,0.23,42.0,269.0
0.01,800.0,0.85,32.0,384.0,1.0,0.953588,0.144215,0.085594,0.062189,0.278602,0.261954,,,,0.25,42.0,270.0
0.01,800.0,0.85,64.0,192.0,1.0,0.791727,0.131092,0.06862,0.131739,0.28073,0.264374,,,,0.22,42.0,271.0
0.01,800.0,0.85,64.0,384.0,0.85,0.904498,0.106628,0.063305,0.089208,0.284655,0.265128,,,,1.05,42.0,272.0
0.0001,800.0,1.0,32.0,384.0,1.0,0.047766,0.001545,-0.040186,0.281688,0.300931,0.27939,,,,0.22,42.0,273.0
0.1,800.0,1.0,32.0,384.0,1.0,0.999749,0.112954,-0.046852,0.004572,0.283645,0.280284,,,,0.22,42.0,274.0
0.01,800.0,1.0,16.0,384.0,1.0,0.998217,0.133385,0.042751,0.012189,0.28036,0.268021,,,,0.25,42.0,275.0
0.01,800.0,1.0,32.0,192.0,1.0,0.975923,0.14033,0.029008,0.044791,0.279234,0.269938,,,,0.23,42.0,276.0
0.01,800.0,1.0,32.0,384.0,0.85,0.997365,0.037958,-0.011205,0.014817,0.295392,0.275471,,,,2.21,42.0,277.0
0.0001,800.0,1.0,64.0,192.0,1.0,0.02736,-0.001258,-0.042663,0.28469,0.301353,0.279723,,,,0.19,42.0,278.0
0.1,800.0,1.0,64.0,192.0,1.0,0.999698,0.044886,-0.000868,0.005016,0.294327,0.274059,,,,0.21,42.0,279.0
0.01,800.0,1.0,64.0,96.0,1.0,0.851529,0.109574,0.061562,0.111229,0.284185,0.265374,,,,0.2,42.0,280.0
0.01,800.0,1.0,64.0,192.0,0.85,0.958935,0.088494,-0.009835,0.058497,0.287529,0.275284,,,,1.56,42.0,281.0
0.0001,800.0,1.0,64.0,48.0,0.25,0.040563,0.003081,-0.036842,0.282751,0.300699,0.278941,,,,0.59,42.0,282.0
0.1,800.0,1.0,64.0,48.0,0.25,0.99975,0.052257,-0.079393,0.004565,0.293189,0.284607,,,,0.58,42.0,283.0
0.01,400.0,1.0,64.0,48.0,0.25,0.777254,0.116974,0.059722,0.136239,0.283002,0.265634,,,,0.3,42.0,284.0
0.01,800.0,0.85,64.0,48.0,0.25,0.877981,0.107389,0.071962,0.100835,0.284533,0.2639,,,,0.58,42.0,285.0
0.01,800.0,1.0,32.0,48.0,0.25,0.994864,0.071561,0.01212,0.020688,0.290188,0.272275,,,,0.69,42.0,286.0
0.01,800.0,1.0,64.0,24.0,0.25,0.930401,0.111109,0.058636,0.076155,0.28394,0.265787,,,,0.53,42.0,287.0
0.01,800.0,1.0,64.0,48.0,0.4,0.943083,0.128757,0.042589,0.068868,0.281107,0.268043,,,,0.78,42.0,288.0
0.0001,400.0,1.0,64.0,48.0,0.25,0.020264,-0.002954,-0.042361,0.285727,0.301608,0.279682,,,,0.23,42.0,289.0
0.1,400.0,1.0,64.0,48.0,0.25,0.99971,0.053266,-0.077073,0.004913,0.293033,0.284301,,,,0.32,42.0,290.0
0.01,200.0,1.0,64.0,48.0,0.25,0.567106,0.105674,0.054302,0.189927,0.284807,0.266399,,,,0.13,42.0,291.0
0.01,400.0,0.85,64.0,48.0,0.25,0.702906,0.126047,0.075803,0.157342,0.281544,0.263353,,,,0.22,42.0,292.0
0.01,400.0,1.0,32.0,48.0,0.25,0.947688,0.078351,0.024966,0.066023,0.289125,0.270499,,,,0.33,42.0,293.0
0.01,400.0,1.0,64.0,24.0,0.25,0.777254,0.116974,0.059722,0.136239,0.283002,0.265634,,,,0.26,42.0,294.0
0.01,400.0,1.0,64.0,96.0,0.25,0.777254,0.116974,0.059722,0.136239,0.283002,0.265634,,,,0.3,42.0,295.0
0.01,400.0,1.0,64.0,48.0,0.4,0.788143,0.121604,0.046767,0.132867,0.282259,0.267458,,,,0.37,42.0,296.0
0.0001,800.0,0.85,64.0,48.0,0.25,0.032061,0.001084,-0.041003,0.284001,0.301,0.2795,,,,0.42,42.0,297.0
0.1,800.0,0.85,64.0,48.0,0.25,0.999749,0.079311,0.049797,0.004577,0.288974,0.267032,,,,0.5,42.0,298.0
0.01,800.0,0.7,64.0,48.0,0.25,0.787814,0.105165,0.064434,0.13297,0.284888,0.264968,,,,0.36,42.0,299.0
0.01,800.0,0.85,32.0,48.0,0.25,0.987315,0.091812,0.031083,0.032511,0.287005,0.269649,,,,0.58,42.0,300.0
0.01,800.0,0.85,64.0,24.0,0.25,0.877981,0.107389,0.071962,0.100835,0.284533,0.2639,,,,0.44,42.0,301.0
0.01,800.0,0.85,64.0,96.0,0.25,0.877981,0.107389,0.071962,0.100835,0.284533,0.2639,,,,0.44,42.0,302.0
0.01,800.0,0.85,64.0,48.0,0.4,0.891789,0.126839,0.050201,0.094958,0.281416,0.266976,,,,0.6,42.0,303.0
0.0001,800.0,1.0,64.0,24.0,0.25,0.040563,0.003081,-0.036842,0.282751,0.300699,0.278941,,,,0.5,42.0,304.0
0.1,800.0,1.0,64.0,24.0,0.25,0.99975,0.052257,-0.079393,0.004565,0.293189,0.284607,,,,0.63,42.0,305.0
0.01,800.0,1.0,32.0,24.0,0.25,0.994864,0.071561,0.01212,0.020688,0.290188,0.272275,,,,0.74,42.0,306.0
0.01,800.0,1.0,64.0,12.0,0.25,0.929959,0.11301,0.061578,0.076396,0.283636,0.265372,,,,0.54,42.0,307.0
0.01,800.0,1.0,64.0,24.0,0.4,0.943083,0.128757,0.042589,0.068868,0.281107,0.268043,,,,0.78,42.0,308.0
0.0001,800.0,1.0,64.0,48.0,0.4,0.042761,0.00132,-0.035978,0.282427,0.300965,0.278825,,,,0.68,42.0,309.0
0.1,800.0,1.0,64.0,48.0,0.4,0.99975,0.092618,-0.021478,0.004565,0.286878,0.276867,,,,0.87,42.0,310.0
0.01,800.0,1.0,32.0,48.0,0.4,0.996213,0.02124,0.001629,0.017763,0.297948,0.273717,,,,1.11,42.0,311.0
0.01,800.0,1.0,64.0,96.0,0.4,0.943083,0.128757,0.042589,0.068868,0.281107,0.268043,,,,1.04,42.0,312.0
0.01,800.0,1.0,64.0,48.0,0.55,0.949394,0.110852,0.029554,0.064938,0.283981,0.269862,,,,1.34,42.0,313.0
0.0001,800.0,0.25,2.0,384.0,0.25,0.048671,0.003233,-0.039506,0.281554,0.300676,0.279299,,,,0.37,42.0,314.0
0.1,800.0,0.25,2.0,384.0,0.25,0.999702,-0.176791,-0.185499,0.004983,0.326702,0.298268,,,,0.65,42.0,315.0
0.01,400.0,0.25,2.0,384.0,0.25,0.85563,0.110382,0.012766,0.109682,0.284056,0.272186,,,,0.19,42.0,316.0
0.01,800.0,0.4,2.0,384.0,0.25,0.996574,0.088716,0.017868,0.016895,0.287494,0.271482,,,,0.72,42.0,317.0
0.01,800.0,0.25,4.0,384.0,0.25,0.959012,0.100204,-0.001389,0.058442,0.285676,0.27413,,,,0.55,42.0,318.0
0.01,800.0,0.25,2.0,192.0,0.25,0.966898,0.108586,-0.040365,0.05252,0.284342,0.279414,,,,0.37,42.0,319.0
0.01,800.0,0.25,2.0,384.0,0.4,0.964434,0.113442,0.02105,0.054439,0.283567,0.271042,,,,0.5,42.0,320.0
0.0001,400.0,0.25,2.0,384.0,0.25,0.024434,-0.002946,-0.043707,0.285118,0.301607,0.279863,,,,0.16,42.0,321.0
0.1,400.0,0.25,2.0,384.0,0.25,0.999668,-0.174447,-0.181402,0.005257,0.326376,0.297752,,,,0.2,42.0,322.0
0.01,200.0,0.25,2.0,384.0,0.25,0.646421,0.093104,0.025636,0.171648,0.286801,0.270406,,,,0.11,42.0,323.0
0.01,400.0,0.4,2.0,384.0,0.25,0.955838,0.077178,0.037323,0.060662,0.289308,0.268779,,,,0.29,42.0,324.0
0.01,400.0,0.25,4.0,384.0,0.25,0.837255,0.084262,0.023107,0.116453,0.288196,0.270757,,,,0.17,42.0,325.0
0.01,400.0,0.25,2.0,192.0,0.25,0.85563,0.110382,0.012766,0.109682,0.284056,0.272186,,,,0.19,42.0,326.0
0.01,400.0,0.25,2.0,384.0,0.4,0.850458,0.103555,0.060709,0.111629,0.285144,0.265495,,,,0.46,42.0,327.0
0.0001,800.0,0.25,2.0,192.0,0.25,0.048671,0.003233,-0.039506,0.281554,0.300676,0.279299,,,,0.38,42.0,328.0
0.1,800.0,0.25,2.0,192.0,0.25,0.999702,-0.176791,-0.185499,0.004983,0.326702,0.298268,,,,0.45,42.0,329.0
0.01,800.0,0.4,2.0,192.0,0.25,0.996574,0.088716,0.017868,0.016895,0.287494,0.271482,,,,0.62,42.0,330.0
0.01,800.0,0.25,4.0,192.0,0.25,0.959012,0.100204,-0.001389,0.058442,0.285676,0.27413,,,,0.33,42.0,331.0
0.01,800.0,0.25,2.0,96.0,0.25,0.966898,0.108586,-0.040365,0.05252,0.284342,0.279414,,,,0.69,42.0,332.0
0.01,800.0,0.25,2.0,192.0,0.4,0.964434,0.113442,0.02105,0.054439,0.283567,0.271042,,,,0.44,42.0,333.0
0.0001,800.0,0.25,2.0,384.0,0.4,0.048657,0.002448,-0.037867,0.281556,0.300794,0.279079,,,,0.47,42.0,334.0
0.1,800.0,0.25,2.0,384.0,0.4,0.999683,-0.187595,-0.463194,0.005143,0.328198,0.331365,,,,0.81,42.0,335.0
0.01,800.0,0.4,2.0,384.0,0.4,0.996218,0.109657,0.03484,0.017753,0.284172,0.269126,,,,0.69,42.0,336.0
0.01,800.0,0.25,4.0,384.0,0.4,0.955505,0.106359,0.023662,0.060891,0.284697,0.27068,,,,0.65,42.0,337.0
0.01,800.0,0.25,2.0,384.0,0.55,0.962928,0.097932,0.017174,0.05558,0.286037,0.271578,,,,0.49,42.0,338.0
0.0001,800.0,1.0,64.0,3.0,0.25,0.032479,0.001759,-0.039617,0.28394,0.300898,0.279314,,,,0.43,42.0,339.0
0.1,800.0,1.0,64.0,3.0,0.25,0.999665,0.061007,-0.031591,0.005286,0.291832,0.278234,,,,0.44,42.0,340.0
0.01,400.0,1.0,64.0,3.0,0.25,0.644658,0.129328,0.0618,0.172076,0.281015,0.265341,,,,0.29,42.0,341.0
0.01,800.0,0.85,64.0,3.0,0.25,0.792659,0.109081,0.075103,0.131443,0.284264,0.263453,,,,0.64,42.0,342.0
0.01,800.0,1.0,32.0,3.0,0.25,0.879459,0.11573,0.038267,0.100222,0.283201,0.268648,,,,0.49,42.0,343.0
0.01,800.0,1.0,64.0,6.0,0.25,0.918791,0.108451,0.053579,0.082262,0.284364,0.266501,,,,0.6,42.0,344.0
0.01,800.0,1.0,64.0,3.0,0.4,0.825679,0.13707,0.06126,0.120523,0.279763,0.265417,,,,0.75,42.0,345.0
0.0001,800.0,1.0,64.0,3.0,0.4,0.034958,0.000721,-0.039565,0.283576,0.301055,0.279307,,,,0.65,42.0,346.0
0.1,800.0,1.0,64.0,3.0,0.4,0.999689,0.063682,0.016978,0.005089,0.291416,0.271605,,,,0.78,42.0,347.0
0.01,400.0,1.0,64.0,3.0,0.4,0.655534,0.138435,0.057674,0.169422,0.279541,0.265923,,,,0.35,42.0,348.0
0.01,800.0,0.85,64.0,3.0,0.4,0.808512,0.130547,0.070482,0.126319,0.280818,0.26411,,,,0.6,42.0,349.0
0.01,800.0,1.0,32.0,3.0,0.4,0.890983,0.10605,0.048814,0.095311,0.284747,0.26717,,,,0.71,42.0,350.0
0.01,800.0,1.0,64.0,6.0,0.4,0.926842,0.121273,0.031011,0.078078,0.282312,0.269659,,,,0.91,42.0,351.0
0.01,800.0,1.0,64.0,3.0,0.55,0.834825,0.115679,0.077301,0.117319,0.283209,0.263139,,,,1.03,42.0,352.0
0.0001,800.0,1.0,2.0,384.0,1.0,0.147826,0.010912,-0.03214,0.266477,0.299516,0.278308,,,,0.44,42.0,353.0
0.1,800.0,1.0,2.0,384.0,1.0,0.99975,0.080133,-0.096093,0.004565,0.288845,0.2868,,,,0.3,42.0,354.0
0.01,400.0,1.0,2.0,384.0,1.0,0.999428,0.14381,-0.004347,0.006905,0.278668,0.274535,,,,0.19,42.0,355.0
0.01,800.0,0.85,2.0,384.0,1.0,0.999749,0.141437,0.030514,0.004577,0.279054,0.269728,,,,0.33,42.0,356.0
0.01,800.0,1.0,4.0,384.0,1.0,0.99972,0.149734,0.040467,0.004833,0.277702,0.26834,,,,0.4,42.0,357.0
0.01,800.0,1.0,2.0,192.0,1.0,0.99975,0.143634,-0.005107,0.004566,0.278697,0.274639,,,,0.43,42.0,358.0
0.01,800.0,1.0,2.0,384.0,0.85,0.99975,-0.373135,-0.093231,0.004566,0.352906,0.286426,,,,3.52,42.0,359.0
0.0001,400.0,1.0,2.0,384.0,1.0,0.076868,0.001515,-0.040008,0.27735,0.300935,0.279366,,,,0.19,42.0,360.0
0.1,400.0,1.0,2.0,384.0,1.0,0.99975,0.080133,-0.096093,0.004565,0.288845,0.2868,,,,0.21,42.0,361.0
0.01,200.0,1.0,2.0,384.0,1.0,0.981804,0.139551,-0.001366,0.038939,0.27936,0.274127,,,,0.15,42.0,362.0
0.01,400.0,0.85,2.0,384.0,1.0,0.998794,0.141191,0.032513,0.010023,0.279094,0.26945,,,,0.25,42.0,363.0
0.01,400.0,1.0,4.0,384.0,1.0,0.998748,0.150194,0.043612,0.010216,0.277627,0.2679,,,,0.24,42.0,364.0
0.01,400.0,1.0,2.0,192.0,1.0,0.999428,0.14381,-0.004347,0.006905,0.278668,0.274535,,,,0.21,42.0,365.0
0.01,400.0,1.0,2.0,384.0,0.85,0.999428,-0.359729,-0.083215,0.006905,0.351179,0.285111,,,,1.79,42.0,366.0
0.0001,800.0,0.85,2.0,384.0,1.0,0.130485,0.007552,-0.03477,0.269175,0.300024,0.278662,,,,0.36,42.0,367.0
0.1,800.0,0.85,2.0,384.0,1.0,0.99975,0.054662,0.019836,0.004568,0.292817,0.27121,,,,0.45,42.0,368.0
0.01,800.0,0.7,2.0,384.0,1.0,0.999735,0.141789,-0.00135,0.004701,0.278997,0.274125,,,,0.3,42.0,369.0
0.01,800.0,0.85,4.0,384.0,1.0,0.999675,0.126517,0.038744,0.005201,0.281468,0.268581,,,,0.35,42.0,370.0
0.01,800.0,0.85,2.0,192.0,1.0,0.999749,0.141437,0.030514,0.004577,0.279054,0.269728,,,,0.41,42.0,371.0
0.01,800.0,0.85,2.0,384.0,0.85,0.999748,0.084301,-0.026397,0.00458,0.28819,0.277532,,,,3.22,42.0,372.0
0.0001,800.0,1.0,4.0,384.0,1.0,0.132726,0.010364,-0.033769,0.268828,0.299599,0.278527,,,,0.37,42.0,373.0
0.1,800.0,1.0,4.0,384.0,1.0,0.99975,0.161577,0.072917,0.004565,0.275762,0.263764,,,,0.38,42.0,374.0
0.01,800.0,1.0,8.0,384.0,1.0,0.999645,0.147765,0.065737,0.005439,0.278024,0.264783,,,,0.34,42.0,375.0
0.01,800.0,1.0,4.0,192.0,1.0,0.99972,0.149734,0.040467,0.004833,0.277702,0.26834,,,,0.35,42.0,376.0
0.01,800.0,1.0,4.0,384.0,0.85,0.99975,-0.263389,-0.089124,0.004567,0.338509,0.285887,,,,3.29,42.0,377.0
0.0001,800.0,1.0,2.0,192.0,1.0,0.147826,0.010912,-0.03214,0.266477,0.299516,0.278308,,,,0.48,42.0,378.0
0.1,800.0,1.0,2.0,192.0,1.0,0.99975,0.080133,-0.096093,0.004565,0.288845,0.2868,,,,0.3,42.0,379.0
0.01,800.0,1.0,2.0,96.0,1.0,0.99975,0.143634,-0.005107,0.004566,0.278697,0.274639,,,,0.32,42.0,380.0
0.01,800.0,1.0,2.0,192.0,0.85,0.99975,-0.373135,-0.093231,0.004566,0.352906,0.286426,,,,3.06,42.0,381.0
0.0001,800.0,1.0,64.0,48.0,1.0,0.02736,-0.001258,-0.042663,0.28469,0.301353,0.279723,,,,0.19,42.0,382.0
0.1,800.0,1.0,64.0,48.0,1.0,0.999698,0.044886,-0.000868,0.005016,0.294327,0.274059,,,,0.19,42.0,383.0
0.01,400.0,1.0,64.0,48.0,1.0,0.666607,0.124563,0.060124,0.166676,0.281783,0.265577,,,,0.1,42.0,384.0
0.01,800.0,0.85,64.0,48.0,1.0,0.791727,0.131092,0.06862,0.131739,0.28073,0.264374,,,,0.21,42.0,385.0
0.01,800.0,1.0,32.0,48.0,1.0,0.975923,0.14033,0.029008,0.044791,0.279234,0.269938,,,,0.23,42.0,386.0
0.01,800.0,1.0,64.0,24.0,1.0,0.851529,0.109574,0.061562,0.111229,0.284185,0.265374,,,,0.19,42.0,387.0
0.01,800.0,1.0,64.0,48.0,0.85,0.958935,0.088494,-0.009835,0.058497,0.287529,0.275284,,,,1.57,42.0,388.0
0.0001,400.0,1.0,64.0,48.0,1.0,0.013928,-0.005057,-0.045158,0.286649,0.301924,0.280057,,,,0.1,42.0,389.0
0.1,400.0,1.0,64.0,48.0,1.0,0.998112,0.051268,0.007065,0.012543,0.293342,0.272971,,,,0.1,42.0,390.0
0.01,200.0,1.0,64.0,48.0,1.0,0.456762,0.10456,0.035935,0.212761,0.284984,0.268973,,,,0.05,42.0,391.0
0.01,400.0,0.85,64.0,48.0,1.0,0.585143,0.135919,0.049559,0.185928,0.279949,0.267066,,,,0.11,42.0,392.0
0.01,400.0,1.0,32.0,48.0,1.0,0.874553,0.15729,0.026959,0.102241,0.276466,0.270222,,,,0.11,42.0,393.0
0.01,400.0,1.0,64.0,24.0,1.0,0.666607,0.124563,0.060124,0.166676,0.281783,0.265577,,,,0.1,42.0,394.0
0.01,400.0,1.0,64.0,96.0,1.0,0.666607,0.124563,0.060124,0.166676,0.281783,0.265577,,,,0.1,42.0,395.0
0.01,400.0,1.0,64.0,48.0,0.85,0.827151,0.084154,0.012984,0.120013,0.288213,0.272156,,,,0.76,42.0,396.0
0.0001,800.0,0.85,64.0,48.0,1.0,0.022517,-0.00276,-0.043139,0.285398,0.301579,0.279787,,,,0.27,42.0,397.0
0.1,800.0,0.85,64.0,48.0,1.0,0.999393,0.081737,0.017119,0.007111,0.288593,0.271585,,,,0.22,42.0,398.0
0.01,800.0,0.7,64.0,48.0,1.0,0.716044,0.14377,0.096463,0.153823,0.278675,0.260393,,,,0.32,42.0,399.0
0.01,800.0,0.85,32.0,48.0,1.0,0.953588,0.144215,0.085594,0.062189,0.278602,0.261954,,,,0.32,42.0,400.0
0.01,800.0,0.85,64.0,24.0,1.0,0.791727,0.131092,0.06862,0.131739,0.28073,0.264374,,,,0.3,42.0,401.0
0.01,800.0,0.85,64.0,96.0,1.0,0.791727,0.131092,0.06862,0.131739,0.28073,0.264374,,,,0.43,42.0,402.0
0.01,800.0,0.85,64.0,48.0,0.85,0.904498,0.106628,0.063305,0.089208,0.284655,0.265128,,,,1.16,42.0,403.0
0.0001,800.0,1.0,32.0,48.0,1.0,0.047766,0.001545,-0.040186,0.281688,0.300931,0.27939,,,,0.73,42.0,404.0
0.1,800.0,1.0,32.0,48.0,1.0,0.999749,0.112954,-0.046852,0.004572,0.283645,0.280284,,,,0.25,42.0,405.0
0.01,800.0,1.0,16.0,48.0,1.0,0.998217,0.133385,0.042751,0.012189,0.28036,0.268021,,,,0.28,42.0,406.0
0.01,800.0,1.0,32.0,24.0,1.0,0.975923,0.14033,0.029008,0.044791,0.279234,0.269938,,,,0.59,42.0,407.0
0.01,800.0,1.0,32.0,96.0,1.0,0.975923,0.14033,0.029008,0.044791,0.279234,0.269938,,,,0.25,42.0,408.0
0.01,800.0,1.0,32.0,48.0,0.85,0.997365,0.037958,-0.011205,0.014817,0.295392,0.275471,,,,2.33,42.0,409.0
0.0001,800.0,1.0,64.0,24.0,1.0,0.02736,-0.001258,-0.042663,0.28469,0.301353,0.279723,,,,0.26,42.0,410.0
0.1,800.0,1.0,64.0,24.0,1.0,0.999698,0.044886,-0.000868,0.005016,0.294327,0.274059,,,,0.27,42.0,411.0
0.01,800.0,1.0,64.0,12.0,1.0,0.851151,0.107656,0.060192,0.11137,0.284491,0.265568,,,,0.45,42.0,412.0
0.01,800.0,1.0,64.0,24.0,0.85,0.958935,0.088494,-0.009835,0.058497,0.287529,0.275284,,,,1.73,42.0,413.0
0.0001,800.0,0.25,2.0,384.0,1.0,0.048774,0.00102,-0.040474,0.281539,0.30101,0.279429,,,,0.21,42.0,414.0
0.1,800.0,0.25,2.0,384.0,1.0,0.999705,0.122693,0.072949,0.004958,0.282084,0.263759,,,,0.23,42.0,415.0
0.01,400.0,0.25,2.0,384.0,1.0,0.867788,0.135554,0.030482,0.104962,0.280008,0.269733,,,,0.23,42.0,416.0
0.01,800.0,0.4,2.0,384.0,1.0,0.997425,0.159335,0.015856,0.014647,0.27613,0.27176,,,,0.29,42.0,417.0
0.01,800.0,0.25,4.0,384.0,1.0,0.956586,0.126775,0.030234,0.060146,0.281427,0.269767,,,,0.2,42.0,418.0
0.01,800.0,0.25,2.0,192.0,1.0,0.975022,0.156494,0.009883,0.045622,0.276596,0.272583,,,,0.22,42.0,419.0
0.01,800.0,0.25,2.0,384.0,0.85,0.961514,0.149611,-0.00853,0.05663,0.277722,0.275106,,,,0.6,42.0,420.0
0.0001,800.0,0.4,2.0,384.0,1.0,0.071676,0.003934,-0.03703,0.278129,0.30057,0.278966,,,,0.24,42.0,421.0
0.1,800.0,0.4,2.0,384.0,1.0,0.999726,0.124132,-0.159079,0.004779,0.281852,0.294926,,,,0.24,42.0,422.0
0.01,400.0,0.4,2.0,384.0,1.0,0.961248,0.150548,0.022601,0.056825,0.277569,0.270827,,,,0.12,42.0,423.0
0.01,800.0,0.55,2.0,384.0,1.0,0.999557,0.170909,0.040318,0.006075,0.274223,0.268361,,,,0.28,42.0,424.0
0.01,800.0,0.4,4.0,384.0,1.0,0.993782,0.116799,0.063016,0.022763,0.28303,0.265168,,,,0.23,42.0,425.0
0.01,800.0,0.4,2.0,192.0,1.0,0.997425,0.159335,0.015856,0.014647,0.27613,0.27176,,,,0.24,42.0,426.0
0.01,800.0,0.4,2.0,384.0,0.85,0.995919,0.120797,-0.021269,0.01844,0.282388,0.276838,,,,1.1,42.0,427.0
0.0001,800.0,0.25,2.0,192.0,1.0,0.048774,0.00102,-0.040474,0.281539,0.30101,0.279429,,,,0.22,42.0,428.0
0.1,800.0,0.25,2.0,192.0,1.0,0.999705,0.122693,0.072949,0.004958,0.282084,0.263759,,,,0.22,42.0,429.0
0.01,400.0,0.25,2.0,192.0,1.0,0.867788,0.135554,0.030482,0.104962,0.280008,0.269733,,,,0.12,42.0,430.0
0.01,800.0,0.25,4.0,192.0,1.0,0.956586,0.126775,0.030234,0.060146,0.281427,0.269767,,,,0.25,42.0,431.0
0.01,800.0,0.25,2.0,96.0,1.0,0.975022,0.156494,0.009883,0.045622,0.276596,0.272583,,,,0.23,42.0,432.0
0.01,800.0,0.25,2.0,192.0,0.85,0.961514,0.149611,-0.00853,0.05663,0.277722,0.275106,,,,0.62,42.0,433.0
0.0001,800.0,0.25,2.0,48.0,0.25,0.048671,0.003233,-0.039506,0.281554,0.300676,0.279299,,,,0.32,42.0,434.0
0.1,800.0,0.25,2.0,48.0,0.25,0.999702,-0.176791,-0.185499,0.004983,0.326702,0.298268,,,,0.36,42.0,435.0
0.01,400.0,0.25,2.0,48.0,0.25,0.85563,0.110382,0.012766,0.109682,0.284056,0.272186,,,,0.19,42.0,436.0
0.01,800.0,0.4,2.0,48.0,0.25,0.996574,0.088716,0.017868,0.016895,0.287494,0.271482,,,,0.52,42.0,437.0
0.01,800.0,0.25,4.0,48.0,0.25,0.959012,0.100204,-0.001389,0.058442,0.285676,0.27413,,,,0.33,42.0,438.0
0.01,800.0,0.25,2.0,24.0,0.25,0.966898,0.108586,-0.040365,0.05252,0.284342,0.279414,,,,0.37,42.0,439.0
0.01,800.0,0.25,2.0,48.0,0.4,0.964434,0.113442,0.02105,0.054439,0.283567,0.271042,,,,0.56,42.0,440.0
0.0001,400.0,0.25,2.0,48.0,0.25,0.024434,-0.002946,-0.043707,0.285118,0.301607,0.279863,,,,0.16,42.0,441.0
0.1,400.0,0.25,2.0,48.0,0.25,0.999668,-0.174447,-0.181402,0.005257,0.326376,0.297752,,,,0.17,42.0,442.0
0.01,200.0,0.25,2.0,48.0,0.25,0.646421,0.093104,0.025636,0.171648,0.286801,0.270406,,,,0.08,42.0,443.0
0.01,400.0,0.4,2.0,48.0,0.25,0.955838,0.077178,0.037323,0.060662,0.289308,0.268779,,,,0.22,42.0,444.0
0.01,400.0,0.25,4.0,48.0,0.25,0.837255,0.084262,0.023107,0.116453,0.288196,0.270757,,,,0.19,42.0,445.0
0.01,400.0,0.25,2.0,24.0,0.25,0.85563,0.110382,0.012766,0.109682,0.284056,0.272186,,,,0.16,42.0,446.0
0.01,400.0,0.25,2.0,96.0,0.25,0.85563,0.110382,0.012766,0.109682,0.284056,0.272186,,,,0.17,42.0,447.0
0.01,400.0,0.25,2.0,48.0,0.4,0.850458,0.103555,0.060709,0.111629,0.285144,0.265495,,,,0.19,42.0,448.0
0.0001,800.0,0.25,2.0,24.0,0.25,0.048671,0.003233,-0.039506,0.281554,0.300676,0.279299,,,,0.31,42.0,449.0
0.1,800.0,0.25,2.0,24.0,0.25,0.999702,-0.176791,-0.185499,0.004983,0.326702,0.298268,,,,0.35,42.0,450.0
0.01,800.0,0.4,2.0,24.0,0.25,0.996574,0.088716,0.017868,0.016895,0.287494,0.271482,,,,0.47,42.0,451.0
0.01,800.0,0.25,4.0,24.0,0.25,0.959012,0.100204,-0.001389,0.058442,0.285676,0.27413,,,,0.3,42.0,452.0
0.01,800.0,0.25,2.0,12.0,0.25,0.968592,0.110804,0.040791,0.051158,0.283989,0.268295,,,,0.32,42.0,453.0
0.01,800.0,0.25,2.0,24.0,0.4,0.964434,0.113442,0.02105,0.054439,0.283567,0.271042,,,,0.39,42.0,454.0
0.0001,800.0,0.25,2.0,48.0,0.4,0.048657,0.002448,-0.037867,0.281556,0.300794,0.279079,,,,0.38,42.0,455.0
0.1,800.0,0.25,2.0,48.0,0.4,0.999683,-0.187595,-0.463194,0.005143,0.328198,0.331365,,,,0.43,42.0,456.0
0.01,800.0,0.4,2.0,48.0,0.4,0.996218,0.109657,0.03484,0.017753,0.284172,0.269126,,,,0.61,42.0,457.0
0.01,800.0,0.25,4.0,48.0,0.4,0.955505,0.106359,0.023662,0.060891,0.284697,0.27068,,,,0.4,42.0,458.0
0.01,800.0,0.25,2.0,96.0,0.4,0.964434,0.113442,0.02105,0.054439,0.283567,0.271042,,,,0.43,42.0,459.0
0.01,800.0,0.25,2.0,48.0,0.55,0.962928,0.097932,0.017174,0.05558,0.286037,0.271578,,,,0.53,42.0,460.0
0.0001,800.0,1.0,2.0,3.0,0.25,0.042195,0.002585,-0.038631,0.282511,0.300774,0.279181,,,,0.47,42.0,461.0
0.1,800.0,1.0,2.0,3.0,0.25,0.99975,0.072525,0.043845,0.004565,0.290037,0.267867,,,,0.53,42.0,462.0
0.01,400.0,1.0,2.0,3.0,0.25,0.783981,0.109751,0.022951,0.134166,0.284157,0.270778,,,,0.26,42.0,463.0
0.01,800.0,0.85,2.0,3.0,0.25,0.941987,0.120001,0.03121,0.069528,0.282516,0.269631,,,,0.44,42.0,464.0
0.01,800.0,1.0,4.0,3.0,0.25,0.92399,0.098762,0.046018,0.079585,0.285905,0.267563,,,,0.49,42.0,465.0
0.01,800.0,1.0,2.0,6.0,0.25,0.999609,0.049027,0.041483,0.005708,0.293688,0.268198,,,,0.86,42.0,466.0
0.01,800.0,1.0,2.0,3.0,0.4,0.930019,0.126615,0.056225,0.076364,0.281452,0.266128,,,,0.77,42.0,467.0
0.0001,400.0,1.0,2.0,3.0,0.25,0.021756,-0.003165,-0.043238,0.285509,0.301639,0.2798,,,,0.23,42.0,468.0
0.1,400.0,1.0,2.0,3.0,0.25,0.9997,0.073876,0.044988,0.005001,0.289826,0.267707,,,,0.23,42.0,469.0
0.01,200.0,1.0,2.0,3.0,0.25,0.582308,0.102916,0.036667,0.186563,0.285245,0.268871,,,,0.11,42.0,470.0
0.01,400.0,0.85,2.0,3.0,0.25,0.800172,0.11853,0.055481,0.12904,0.282752,0.266233,,,,0.23,42.0,471.0
0.01,400.0,1.0,4.0,3.0,0.25,0.778898,0.112435,0.052978,0.135735,0.283728,0.266585,,,,0.3,42.0,472.0
0.01,400.0,1.0,2.0,6.0,0.25,0.993215,0.049348,0.045689,0.023777,0.293638,0.267609,,,,0.42,42.0,473.0
0.01,400.0,1.0,2.0,3.0,0.4,0.786803,0.114837,0.046872,0.133287,0.283344,0.267443,,,,0.32,42.0,474.0
0.0001,800.0,0.85,2.0,3.0,0.25,0.042721,0.002265,-0.039838,0.282433,0.300822,0.279344,,,,0.45,42.0,475.0
0.1,800.0,0.85,2.0,3.0,0.25,0.999746,0.049457,0.009263,0.004597,0.293622,0.272668,,,,0.51,42.0,476.0
0.01,800.0,0.7,2.0,3.0,0.25,0.938741,0.101558,0.068001,0.071447,0.285461,0.264462,,,,0.48,42.0,477.0
0.01,800.0,0.85,4.0,3.0,0.25,0.939635,0.112809,0.053753,0.070923,0.283668,0.266476,,,,0.84,42.0,478.0
0.01,800.0,0.85,2.0,6.0,0.25,0.999461,0.09578,0.010172,0.006703,0.286378,0.272543,,,,0.73,42.0,479.0
0.01,800.0,0.85,2.0,3.0,0.4,0.950968,0.126258,0.021086,0.06392,0.28151,0.271037,,,,0.76,42.0,480.0
0.0001,800.0,1.0,4.0,3.0,0.25,0.042131,0.002571,-0.038684,0.28252,0.300776,0.279189,,,,0.57,42.0,481.0
0.1,800.0,1.0,4.0,3.0,0.25,0.99975,0.091928,-0.025447,0.004565,0.286987,0.277404,,,,0.7,42.0,482.0
0.01,800.0,1.0,8.0,3.0,0.25,0.920821,0.107087,0.046001,0.081227,0.284581,0.267565,,,,0.55,42.0,483.0
0.01,800.0,1.0,4.0,6.0,0.25,0.999516,0.075552,-0.008301,0.006352,0.289563,0.275075,,,,0.71,42.0,484.0
0.01,800.0,1.0,4.0,3.0,0.4,0.932137,0.138381,0.017465,0.075199,0.27955,0.271538,,,,1.05,42.0,485.0
0.0001,800.0,1.0,2.0,3.0,0.4,0.045134,0.00226,-0.037483,0.282077,0.300823,0.279027,,,,0.77,42.0,486.0
0.1,800.0,1.0,2.0,3.0,0.4,0.99975,0.109977,-0.030012,0.004565,0.284121,0.278021,,,,1.13,42.0,487.0
0.01,800.0,1.0,2.0,6.0,0.4,0.999565,0.046059,-0.017841,0.00602,0.294146,0.276373,,,,1.32,42.0,488.0
0.01,800.0,1.0,2.0,3.0,0.55,0.929071,0.101158,0.00987,0.076879,0.285525,0.272585,,,,0.82,42.0,489.0
0.0001,800.0,1.0,64.0,3.0,1.0,0.018808,-0.003688,-0.044126,0.285939,0.301718,0.279919,,,,0.18,42.0,490.0
0.1,800.0,1.0,64.0,3.0,1.0,0.998195,0.024494,0.058032,0.012265,0.297452,0.265873,,,,0.18,42.0,491.0
0.01,400.0,1.0,64.0,3.0,1.0,0.52704,0.105062,0.060178,0.198522,0.284904,0.26557,,,,0.09,42.0,492.0
0.01,800.0,0.85,64.0,3.0,1.0,0.671864,0.120215,0.091255,0.165357,0.282482,0.261142,,,,0.25,42.0,493.0
0.01,800.0,1.0,32.0,3.0,1.0,0.775585,0.092657,0.078857,0.136748,0.286872,0.262917,,,,0.31,42.0,494.0
0.01,800.0,1.0,64.0,6.0,1.0,0.832963,0.111746,0.043862,0.117978,0.283838,0.267865,,,,0.25,42.0,495.0
0.01,800.0,1.0,64.0,3.0,0.85,0.844066,0.065081,0.059347,0.11399,0.291198,0.265687,,,,1.2,42.0,496.0
0.0001,800.0,0.85,64.0,3.0,1.0,0.016536,-0.004243,-0.04411,0.28627,0.301802,0.279917,,,,0.2,42.0,497.0
0.1,800.0,0.85,64.0,3.0,1.0,0.997316,-0.000441,0.031832,0.014955,0.30123,0.269545,,,,0.21,42.0,498.0
0.01,400.0,0.85,64.0,3.0,1.0,0.480622,0.110377,0.057215,0.208036,0.284057,0.265988,,,,0.11,42.0,499.0
0.01,800.0,0.7,64.0,3.0,1.0,0.632679,0.132555,0.089968,0.174952,0.280494,0.261327,,,,0.28,42.0,500.0
0.01,800.0,0.85,32.0,3.0,1.0,0.75811,0.132743,0.097104,0.141973,0.280463,0.2603,,,,0.24,42.0,501.0
0.01,800.0,0.85,64.0,6.0,1.0,0.774338,0.134943,0.061053,0.137128,0.280107,0.265446,,,,0.24,42.0,502.0
0.01,800.0,0.85,64.0,3.0,0.85,0.826898,0.105861,0.070718,0.120101,0.284777,0.264076,,,,1.18,42.0,503.0
0.0001,800.0,1.0,2.0,48.0,1.0,0.147826,0.010912,-0.03214,0.266477,0.299516,0.278308,,,,0.35,42.0,504.0
0.1,800.0,1.0,2.0,48.0,1.0,0.99975,0.080133,-0.096093,0.004565,0.288845,0.2868,,,,0.31,42.0,505.0
0.01,400.0,1.0,2.0,48.0,1.0,0.999428,0.14381,-0.004347,0.006905,0.278668,0.274535,,,,0.22,42.0,506.0
0.01,800.0,0.85,2.0,48.0,1.0,0.999749,0.141437,0.030514,0.004577,0.279054,0.269728,,,,0.36,42.0,507.0
0.01,800.0,1.0,4.0,48.0,1.0,0.99972,0.149734,0.040467,0.004833,0.277702,0.26834,,,,0.3,42.0,508.0
0.01,800.0,1.0,2.0,24.0,1.0,0.99975,0.144616,-0.001588,0.004566,0.278537,0.274158,,,,0.36,42.0,509.0
0.01,800.0,1.0,2.0,48.0,0.85,0.99975,-0.373135,-0.093231,0.004566,0.352906,0.286426,,,,3.04,42.0,510.0
0.0001,400.0,1.0,2.0,48.0,1.0,0.076868,0.001515,-0.040008,0.27735,0.300935,0.279366,,,,0.16,42.0,511.0
0.1,400.0,1.0,2.0,48.0,1.0,0.99975,0.080133,-0.096093,0.004565,0.288845,0.2868,,,,0.15,42.0,512.0
0.01,200.0,1.0,2.0,48.0,1.0,0.981804,0.139551,-0.001366,0.038939,0.27936,0.274127,,,,0.08,42.0,513.0
0.01,400.0,0.85,2.0,48.0,1.0,0.998794,0.141191,0.032513,0.010023,0.279094,0.26945,,,,0.16,42.0,514.0
0.01,400.0,1.0,4.0,48.0,1.0,0.998748,0.150194,0.043612,0.010216,0.277627,0.2679,,,,0.15,42.0,515.0
0.01,400.0,1.0,2.0,24.0,1.0,0.999428,0.14486,-0.000774,0.006905,0.278497,0.274046,,,,0.16,42.0,516.0
0.01,400.0,1.0,2.0,96.0,1.0,0.999428,0.14381,-0.004347,0.006905,0.278668,0.274535,,,,0.16,42.0,517.0
0.01,400.0,1.0,2.0,48.0,0.85,0.999428,-0.359729,-0.083215,0.006905,0.351179,0.285111,,,,1.66,42.0,518.0
0.0001,800.0,0.85,2.0,48.0,1.0,0.130485,0.007552,-0.03477,0.269175,0.300024,0.278662,,,,0.4,42.0,519.0
0.1,800.0,0.85,2.0,48.0,1.0,0.99975,0.054662,0.019836,0.004568,0.292817,0.27121,,,,0.5,42.0,520.0
0.01,800.0,0.7,2.0,48.0,1.0,0.999735,0.141789,-0.00135,0.004701,0.278997,0.274125,,,,0.35,42.0,521.0
0.01,800.0,0.85,4.0,48.0,1.0,0.999675,0.126517,0.038744,0.005201,0.281468,0.268581,,,,0.3,42.0,522.0
0.01,800.0,0.85,2.0,24.0,1.0,0.999749,0.128358,0.046153,0.004577,0.281171,0.267544,,,,0.34,42.0,523.0
0.01,800.0,0.85,2.0,96.0,1.0,0.999749,0.141437,0.030514,0.004577,0.279054,0.269728,,,,0.34,42.0,524.0
0.01,800.0,0.85,2.0,48.0,0.85,0.999748,0.084301,-0.026397,0.00458,0.28819,0.277532,,,,2.54,42.0,525.0
0.0001,800.0,1.0,4.0,48.0,1.0,0.132726,0.010364,-0.033769,0.268828,0.299599,0.278527,,,,0.3,42.0,526.0
0.1,800.0,1.0,4.0,48.0,1.0,0.99975,0.161577,0.072917,0.004565,0.275762,0.263764,,,,0.31,42.0,527.0
0.01,800.0,1.0,8.0,48.0,1.0,0.999645,0.147765,0.065737,0.005439,0.278024,0.264783,,,,0.27,42.0,528.0
0.01,800.0,1.0,4.0,24.0,1.0,0.999724,0.149639,0.0405,0.004799,0.277718,0.268336,,,,0.32,42.0,529.0
0.01,800.0,1.0,4.0,96.0,1.0,0.99972,0.149734,0.040467,0.004833,0.277702,0.26834,,,,0.3,42.0,530.0
0.01,800.0,1.0,4.0,48.0,0.85,0.99975,-0.263389,-0.089124,0.004567,0.338509,0.285887,,,,2.92,42.0,531.0
0.0001,800.0,1.0,2.0,24.0,1.0,0.147826,0.010881,-0.032141,0.266477,0.29952,0.278308,,,,0.42,42.0,532.0
0.1,800.0,1.0,2.0,24.0,1.0,0.99975,0.080134,-0.09609,0.004565,0.288845,0.2868,,,,0.4,42.0,533.0
0.01,800.0,1.0,2.0,12.0,1.0,0.99975,0.146762,0.00692,0.004568,0.278187,0.272991,,,,0.45,42.0,534.0
0.01,800.0,1.0,2.0,24.0,0.85,0.99975,-0.373135,-0.093231,0.004566,0.352906,0.286426,,,,3.04,42.0,535.0
0.0001,800.0,0.25,2.0,3.0,0.25,0.032624,0.000193,-0.042687,0.283919,0.301134,0.279726,,,,0.26,42.0,536.0
0.1,800.0,0.25,2.0,3.0,0.25,0.999549,0.032941,-0.210889,0.006129,0.296162,0.301445,,,,0.25,42.0,537.0
0.01,400.0,0.25,2.0,3.0,0.25,0.696622,0.102898,0.006125,0.158997,0.285248,0.2731,,,,0.12,42.0,538.0
0.01,800.0,0.4,2.0,3.0,0.25,0.911217,0.127705,-0.01097,0.086012,0.281277,0.275439,,,,0.31,42.0,539.0
0.01,800.0,0.25,4.0,3.0,0.25,0.868112,0.118211,-0.025794,0.104833,0.282803,0.277451,,,,0.25,42.0,540.0
0.01,800.0,0.25,2.0,6.0,0.25,0.958485,0.103479,-0.004965,0.058817,0.285156,0.274619,,,,0.31,42.0,541.0
0.01,800.0,0.25,2.0,3.0,0.4,0.87541,0.115003,0.040393,0.101892,0.283317,0.268351,,,,0.28,42.0,542.0
0.0001,800.0,0.4,2.0,3.0,0.25,0.037833,0.00104,-0.040806,0.283153,0.301007,0.279474,,,,0.39,42.0,543.0
0.1,800.0,0.4,2.0,3.0,0.25,0.999681,0.049,-0.09635,0.005152,0.293692,0.286834,,,,0.34,42.0,544.0
0.01,400.0,0.4,2.0,3.0,0.25,0.753139,0.104422,0.005112,0.143424,0.285006,0.273239,,,,0.15,42.0,545.0
0.01,800.0,0.55,2.0,3.0,0.25,0.930664,0.080722,0.039261,0.076011,0.288752,0.268509,,,,0.35,42.0,546.0
0.01,800.0,0.4,4.0,3.0,0.25,0.908174,0.115361,0.002572,0.087474,0.28326,0.273588,,,,0.29,42.0,547.0
0.01,800.0,0.4,2.0,6.0,0.25,0.991883,0.121554,-0.064341,0.026007,0.282267,0.282616,,,,0.38,42.0,548.0
0.01,800.0,0.4,2.0,3.0,0.4,0.918186,0.091536,0.011454,0.082568,0.287049,0.272367,,,,0.37,42.0,549.0
0.0001,800.0,0.25,2.0,48.0,1.0,0.048774,0.00102,-0.040474,0.281539,0.30101,0.279429,,,,0.21,42.0,550.0
0.1,800.0,0.25,2.0,48.0,1.0,0.999705,0.122693,0.072949,0.004958,0.282084,0.263759,,,,0.21,42.0,551.0
0.01,400.0,0.25,2.0,48.0,1.0,0.867788,0.135554,0.030482,0.104962,0.280008,0.269733,,,,0.11,42.0,552.0
0.01,800.0,0.4,2.0,48.0,1.0,0.997425,0.159335,0.015856,0.014647,0.27613,0.27176,,,,0.24,42.0,553.0
0.01,800.0,0.25,4.0,48.0,1.0,0.956586,0.126775,0.030234,0.060146,0.281427,0.269767,,,,0.2,42.0,554.0
0.01,800.0,0.25,2.0,24.0,1.0,0.975022,0.156494,0.009883,0.045622,0.276596,0.272583,,,,0.26,42.0,555.0
0.01,800.0,0.25,2.0,48.0,0.85,0.961514,0.149611,-0.00853,0.05663,0.277722,0.275106,,,,0.74,42.0,556.0
0.0001,800.0,0.4,2.0,48.0,1.0,0.071676,0.003934,-0.03703,0.278129,0.30057,0.278966,,,,0.33,42.0,557.0
0.1,800.0,0.4,2.0,48.0,1.0,0.999726,0.124132,-0.159079,0.004779,0.281852,0.294926,,,,0.26,42.0,558.0
0.01,400.0,0.4,2.0,48.0,1.0,0.961248,0.150548,0.022601,0.056825,0.277569,0.270827,,,,0.12,42.0,559.0
0.01,800.0,0.55,2.0,48.0,1.0,0.999557,0.170909,0.040318,0.006075,0.274223,0.268361,,,,0.29,42.0,560.0
0.01,800.0,0.4,4.0,48.0,1.0,0.993782,0.116799,0.063016,0.022763,0.28303,0.265168,,,,0.23,42.0,561.0
0.01,800.0,0.4,2.0,24.0,1.0,0.997425,0.159335,0.015856,0.014647,0.27613,0.27176,,,,0.27,42.0,562.0
0.01,800.0,0.4,2.0,96.0,1.0,0.997425,0.159335,0.015856,0.014647,0.27613,0.27176,,,,0.27,42.0,563.0
0.01,800.0,0.4,2.0,48.0,0.85,0.995919,0.120797,-0.021269,0.01844,0.282388,0.276838,,,,1.17,42.0,564.0
0.0001,800.0,0.25,2.0,24.0,1.0,0.048774,0.00102,-0.040474,0.281539,0.30101,0.279429,,,,0.22,42.0,565.0
0.1,800.0,0.25,2.0,24.0,1.0,0.999705,0.122693,0.072949,0.004958,0.282084,0.263759,,,,0.23,42.0,566.0
0.01,400.0,0.25,2.0,24.0,1.0,0.867788,0.135554,0.030482,0.104962,0.280008,0.269733,,,,0.11,42.0,567.0
0.01,800.0,0.25,4.0,24.0,1.0,0.956586,0.126775,0.030234,0.060146,0.281427,0.269767,,,,0.26,42.0,568.0
0.01,800.0,0.25,2.0,12.0,1.0,0.973656,0.128112,0.025849,0.046853,0.281211,0.270376,,,,0.45,42.0,569.0
0.01,800.0,0.25,2.0,24.0,0.85,0.961514,0.149611,-0.00853,0.05663,0.277722,0.275106,,,,0.89,42.0,570.0
0.0001,800.0,1.0,2.0,3.0,1.0,0.026517,-0.003107,-0.042979,0.284813,0.301631,0.279765,,,,0.27,42.0,571.0
0.1,800.0,1.0,2.0,3.0,1.0,0.999746,0.086853,0.065261,0.004596,0.287788,0.264851,,,,0.19,42.0,572.0
0.01,400.0,1.0,2.0,3.0,1.0,0.662648,0.094366,0.075532,0.167663,0.286601,0.263392,,,,0.11,42.0,573.0
0.01,800.0,0.85,2.0,3.0,1.0,0.842315,0.136381,0.094142,0.114628,0.279874,0.260727,,,,0.25,42.0,574.0
0.01,800.0,1.0,4.0,3.0,1.0,0.845897,0.095429,0.082416,0.113319,0.286433,0.262409,,,,0.51,42.0,575.0
0.01,800.0,1.0,2.0,6.0,1.0,0.998505,0.115557,0.060888,0.011161,0.283228,0.265469,,,,0.3,42.0,576.0
0.01,800.0,1.0,2.0,3.0,0.85,0.926561,0.070594,-0.00543,0.078228,0.290339,0.274683,,,,1.23,42.0,577.0
0.0001,800.0,0.85,2.0,3.0,1.0,0.02601,-0.003225,-0.042418,0.284888,0.301649,0.27969,,,,0.21,42.0,578.0
0.1,800.0,0.85,2.0,3.0,1.0,0.999741,0.061492,0.072191,0.004644,0.291757,0.263867,,,,0.24,42.0,579.0
0.01,400.0,0.85,2.0,3.0,1.0,0.649094,0.132853,0.086732,0.170998,0.280446,0.261791,,,,0.12,42.0,580.0
0.01,800.0,0.7,2.0,3.0,1.0,0.834533,0.099635,0.098665,0.117423,0.285767,0.260075,,,,0.27,42.0,581.0
0.01,800.0,0.85,4.0,3.0,1.0,0.839051,0.122939,0.100646,0.115808,0.282044,0.259789,,,,0.23,42.0,582.0
0.01,800.0,0.85,2.0,6.0,1.0,0.997603,0.148675,0.032039,0.014132,0.277875,0.269516,,,,0.25,42.0,583.0
0.01,800.0,0.85,2.0,3.0,0.85,0.961815,0.112246,0.017947,0.056408,0.283758,0.271471,,,,1.06,42.0,584.0
0.0001,800.0,1.0,2.0,6.0,1.0,0.074314,0.00242,-0.037193,0.277733,0.300799,0.278988,,,,0.41,42.0,585.0
0.1,800.0,1.0,2.0,6.0,1.0,0.99975,-0.039402,-0.02624,0.004565,0.307039,0.277511,,,,0.26,42.0,586.0
0.01,400.0,1.0,2.0,6.0,1.0,0.969615,0.120228,0.071683,0.050318,0.28248,0.263939,,,,0.12,42.0,587.0
0.01,800.0,1.0,4.0,6.0,1.0,0.997786,0.099627,0.079148,0.013582,0.285768,0.262876,,,,0.24,42.0,588.0
0.01,800.0,1.0,2.0,6.0,0.85,0.999593,-0.104599,0.018868,0.005821,0.316522,0.271344,,,,2.16,42.0,589.0
